,Winner,has_genre,standard_genre,has_synopses,num_words,num_unique,num_paragraphs,num_sentences
0,0,1,0,0,1,0,0,0
1,1,1,0,1,44,259,1,5
2,1,1,0,1,154,904,4,6
3,1,1,0,1,60,348,3,4
4,0,1,0,1,125,708,1,4
5,0,1,0,1,164,1006,1,8
6,1,1,0,1,177,1036,1,8
7,1,1,0,1,63,391,1,4
8,1,1,0,0,1,0,0,0
9,1,1,0,0,1,0,0,0
10,1,1,0,0,1,0,0,0
11,1,1,0,0,1,0,0,0
12,1,1,0,1,56,327,1,2
13,0,1,0,1,107,600,3,8
14,1,1,0,1,180,1039,5,8
15,1,1,0,1,45,240,2,2
16,1,1,0,1,48,280,1,4
17,1,1,0,1,18,96,1,1
18,1,1,0,1,22,123,2,2
19,0,1,0,1,8,71,1,3
20,0,1,0,1,24,121,1,1
21,1,1,0,1,28,174,1,2
22,0,1,0,1,33,185,2,2
23,0,1,0,1,26,132,1,1
24,1,1,0,1,18,117,1,0
25,1,1,0,1,16,90,1,1
26,0,1,0,1,53,304,2,2
27,0,1,0,1,51,285,2,2
28,0,1,0,1,87,502,1,5
29,0,1,0,0,1,0,0,0
30,0,1,0,1,2,26,2,0
31,0,1,0,1,43,211,1,0
32,0,1,0,0,1,0,0,0
33,1,1,0,1,89,498,1,3
34,0,1,0,1,29,149,1,0
35,0,1,0,1,72,434,1,2
36,0,1,0,1,79,386,1,4
37,1,1,0,1,177,1010,3,7
38,1,1,0,1,95,494,2,4
39,1,1,0,1,204,1211,1,10
40,1,1,0,1,120,672,1,4
41,1,1,0,1,32,196,1,1
42,0,1,0,0,1,0,0,0
43,0,1,0,1,24,122,1,4
44,1,1,0,1,64,366,1,3
45,1,1,0,1,17,108,1,2
46,1,1,0,1,156,925,1,9
47,1,1,0,1,61,298,1,3
48,1,1,0,1,37,187,1,4
49,1,1,0,1,30,186,1,3
50,0,1,0,1,17,105,2,1
51,1,1,0,0,1,0,0,0
52,1,1,0,1,129,668,1,7
53,1,1,0,0,1,0,0,0
54,1,1,0,0,1,0,0,0
55,0,1,0,0,1,0,0,0
56,1,1,0,0,1,0,0,0
57,1,1,0,0,1,0,0,0
58,0,0,0,0,1,0,0,0
59,1,1,0,0,1,0,0,0
60,1,1,0,0,1,0,0,0
61,1,1,0,0,1,0,0,0
62,1,1,0,0,1,0,0,0
63,0,1,0,1,19,116,3,4
64,0,1,0,1,154,928,7,9
65,0,1,0,1,3,17,1,1
66,1,1,0,0,1,0,0,0
67,1,1,0,0,1,0,0,0
68,1,1,0,1,114,631,3,7
69,1,1,0,1,166,897,3,10
70,1,1,0,1,150,906,1,9
71,1,1,0,1,141,781,1,8
72,1,1,0,1,154,926,1,15
73,1,1,0,0,1,0,0,0
74,1,1,0,0,1,0,0,0
75,0,1,0,1,50,303,3,4
76,0,1,0,1,79,425,1,4
77,0,1,0,1,36,247,1,2
78,0,1,0,1,106,582,1,2
79,0,1,0,1,57,365,1,2
80,0,1,0,1,61,438,1,1
81,0,1,0,1,35,209,1,5
82,0,0,0,1,16,84,1,1
83,0,0,0,1,16,84,1,1
84,0,0,0,1,16,84,1,1
85,0,0,0,1,16,84,1,1
86,0,0,0,1,16,84,1,1
87,0,1,0,1,19,98,3,1
88,0,1,0,1,27,151,1,2
89,0,1,0,0,1,0,0,0
90,1,1,0,1,21,118,1,1
91,1,1,0,1,18,98,1,1
92,0,1,0,1,21,118,1,1
93,0,1,0,1,24,133,1,1
94,1,1,0,1,3,20,1,0
95,0,1,0,1,260,1380,4,11
96,1,1,0,1,415,2365,1,16
97,1,1,0,1,179,1161,1,9
98,0,1,0,1,64,378,3,3
99,0,1,0,1,106,637,2,3
100,1,1,0,1,84,497,1,5
101,0,1,0,1,191,1321,1,21
102,0,1,0,1,49,224,4,3
103,0,1,0,1,50,292,1,5
104,1,1,0,1,91,527,1,6
105,0,1,0,1,31,151,1,3
106,1,1,0,1,20,109,1,1
107,1,1,0,1,36,212,1,2
108,0,1,0,1,25,160,1,1
109,1,1,0,1,30,235,1,5
110,1,1,0,1,25,173,1,1
111,1,1,0,1,27,203,1,1
112,1,1,0,1,34,225,1,1
113,1,1,0,1,25,171,1,1
114,1,1,0,1,19,132,1,1
115,0,1,0,1,147,873,1,4
116,1,1,0,1,234,1414,6,19
117,1,1,0,1,172,941,8,12
118,1,1,0,0,1,0,0,0
119,1,1,0,1,316,1875,1,18
120,1,1,0,0,1,0,0,0
121,0,1,0,1,174,939,8,12
122,1,1,0,0,1,0,0,0
123,0,1,0,0,1,0,0,0
124,0,1,0,0,1,0,0,0
125,1,1,0,0,1,0,0,0
126,1,1,0,1,9,50,1,1
127,1,1,0,1,8,54,1,1
128,1,1,0,1,8,43,1,1
129,1,1,0,0,1,0,0,0
130,1,1,0,0,1,0,0,0
131,1,1,0,0,1,0,0,0
132,0,0,0,1,7,32,1,1
133,0,0,0,1,30,184,1,8
134,1,0,0,0,1,0,0,0
135,1,0,0,1,4,21,1,1
136,0,1,0,0,1,0,0,0
137,0,1,0,1,69,376,1,3
138,0,1,0,0,1,0,0,0
139,1,1,0,1,469,2758,2,14
140,1,1,0,0,1,0,0,0
141,1,1,0,0,1,0,0,0
142,1,1,0,1,116,678,1,14
143,1,1,0,0,1,0,0,0
144,0,1,0,1,6,47,1,1
145,1,1,0,1,60,340,1,9
146,1,1,0,0,1,0,0,0
147,1,1,0,0,1,0,0,0
148,0,1,0,0,1,0,0,0
149,1,1,0,1,79,416,1,1
150,0,1,0,1,59,329,1,2
151,0,1,0,0,1,0,0,0
152,1,1,0,0,1,0,0,0
153,0,0,0,0,1,0,0,0
154,1,1,0,1,27,153,1,2
155,1,1,0,1,12,62,1,1
156,1,1,0,1,7,38,1,1
157,1,1,0,1,14,106,1,1
158,0,1,0,1,28,183,1,1
159,0,1,0,1,233,1393,3,9
160,0,1,0,1,16,92,1,1
161,0,1,0,1,78,485,1,4
162,0,1,0,1,75,458,1,4
163,1,1,0,0,1,0,0,0
164,1,1,0,1,14,87,1,0
165,0,1,0,1,5,30,1,1
166,1,1,0,1,5,33,1,1
167,1,1,0,1,8,52,1,1
168,1,0,0,0,1,0,0,0
169,1,0,0,0,1,0,0,0
170,1,0,0,0,1,0,0,0
171,0,0,0,0,1,0,0,0
172,0,0,0,0,1,0,0,0
173,0,0,0,0,1,0,0,0
174,0,0,0,0,1,0,0,0
175,1,1,0,1,64,363,2,2
176,0,0,0,1,21,129,1,1
177,1,1,0,1,89,499,2,5
178,1,1,0,0,1,0,0,0
179,1,1,0,1,120,693,7,5
180,1,1,0,1,36,216,1,2
181,1,1,0,1,81,497,2,3
182,1,0,0,1,69,483,5,12
183,0,1,0,0,1,0,0,0
184,0,1,0,0,1,0,0,0
185,0,1,0,1,711,5603,1,37
186,1,0,0,1,54,312,1,6
187,1,0,0,1,17,103,1,2
188,1,0,0,1,56,330,1,4
189,0,1,0,1,17,87,1,2
190,1,1,0,1,47,288,1,2
191,0,0,0,0,1,0,0,0
192,0,1,0,1,71,372,1,4
193,0,0,0,0,1,0,0,0
194,1,1,0,0,1,0,0,0
195,0,1,0,0,1,0,0,0
196,1,1,0,0,1,0,0,0
197,1,1,0,0,1,0,0,0
198,1,1,0,0,1,0,0,0
199,1,1,0,0,1,0,0,0
200,1,1,0,0,1,0,0,0
201,1,1,0,1,21,114,1,0
202,0,1,0,0,1,0,0,0
203,0,1,0,0,1,0,0,0
204,1,1,0,1,110,652,1,6
205,0,1,0,1,131,722,1,5
206,0,1,0,0,1,0,0,0
207,0,1,0,0,1,0,0,0
208,0,1,0,0,1,0,0,0
209,0,1,0,0,1,0,0,0
210,0,1,0,0,1,0,0,0
211,0,1,0,0,1,0,0,0
212,0,1,0,0,1,0,0,0
213,0,1,0,1,135,771,3,9
214,1,1,0,1,133,764,1,7
215,0,1,0,1,98,584,1,5
216,0,1,0,1,17,98,1,1
217,0,1,0,1,34,209,2,1
218,1,1,0,1,33,182,1,1
219,1,1,0,1,43,467,1,4
220,0,1,0,1,109,667,1,6
221,1,1,0,1,61,367,1,4
222,1,1,0,0,1,0,0,0
223,1,1,0,1,35,194,1,1
224,1,1,0,0,1,0,0,0
225,1,1,0,1,42,255,1,1
226,1,1,0,1,55,321,1,2
227,1,1,0,0,1,0,0,0
228,0,1,0,1,55,316,1,3
229,1,1,0,1,61,354,1,3
230,1,1,0,1,101,679,1,4
231,0,1,0,1,55,303,1,3
232,1,1,0,0,1,0,0,0
233,0,1,0,0,1,0,0,0
234,1,1,0,1,159,901,1,5
235,1,1,0,1,2,11,1,0
236,0,1,0,1,33,182,1,3
237,0,1,0,1,277,1769,1,14
238,0,1,0,1,17,105,1,3
239,0,1,0,1,277,1769,1,14
240,1,1,0,1,23,129,1,1
241,1,1,0,1,164,933,3,9
242,1,1,0,1,64,324,1,1
243,1,1,0,1,23,144,1,1
244,0,1,0,1,252,1502,1,14
245,1,1,0,1,61,377,1,4
246,1,1,0,1,88,499,1,5
247,0,1,0,1,42,264,1,1
248,0,1,0,1,113,686,1,3
249,0,1,0,1,78,421,1,3
250,0,1,0,1,236,1470,2,11
251,0,1,0,1,8,34,1,1
252,0,1,0,0,1,0,0,0
253,1,1,0,1,335,1798,1,19
254,0,1,0,0,1,0,0,0
255,0,1,0,0,1,0,0,0
256,0,1,0,0,1,0,0,0
257,0,1,0,0,1,0,0,0
258,1,1,0,1,121,677,1,8
259,1,1,0,1,116,663,3,7
260,1,1,0,1,189,1094,1,11
261,1,1,0,1,142,849,1,6
262,0,1,0,1,33,187,1,2
263,1,1,0,0,1,0,0,0
264,1,1,0,0,1,0,0,0
265,1,1,0,0,1,0,0,0
266,1,1,0,1,65,409,1,2
267,1,1,0,1,45,243,1,2
268,1,1,0,0,1,0,0,0
269,1,1,0,0,1,0,0,0
270,1,1,0,0,1,0,0,0
271,1,1,0,1,29,160,1,1
272,1,1,0,0,1,0,0,0
273,1,1,0,0,1,0,0,0
274,1,1,0,0,1,0,0,0
275,0,1,0,0,1,0,0,0
276,0,1,0,0,1,0,0,0
277,0,1,0,0,1,0,0,0
278,0,1,0,0,1,0,0,0
279,0,1,0,0,1,0,0,0
280,0,1,0,0,1,0,0,0
281,0,1,0,0,1,0,0,0
282,0,1,0,0,1,0,0,0
283,0,0,0,0,1,0,0,0
284,0,1,0,0,1,0,0,0
285,0,1,0,0,1,0,0,0
286,0,1,0,0,1,0,0,0
287,1,1,0,0,1,0,0,0
288,1,1,0,1,5,28,1,1
289,1,1,0,1,16,79,1,1
290,1,1,0,1,14,76,1,1
291,1,1,0,1,20,109,1,1
292,0,1,0,1,50,273,1,2
293,0,1,0,0,1,0,0,0
294,0,1,0,1,30,177,1,1
295,0,1,0,1,25,144,1,1
296,0,1,0,1,41,213,1,1
297,0,1,0,1,950,5423,10,56
298,0,1,0,1,34,231,1,2
299,0,1,0,1,429,2613,18,18
300,0,1,0,1,65,386,1,4
301,0,1,0,1,1,4,1,0
302,1,1,0,1,1,4,1,1
303,1,1,0,1,59,328,1,3
304,1,1,0,1,35,199,1,1
305,0,1,0,1,42,231,1,2
306,0,1,0,1,39,207,1,3
307,1,1,0,1,39,206,1,3
308,1,1,0,1,32,170,1,2
309,1,1,0,1,27,149,1,2
310,1,0,0,0,1,0,0,0
311,1,1,0,0,1,0,0,0
312,1,1,0,1,16,88,1,1
313,1,1,0,0,1,0,0,0
314,1,1,0,0,1,0,0,0
315,0,1,0,1,48,265,2,2
316,0,1,0,1,63,355,4,3
317,1,1,0,1,90,536,1,7
318,0,1,0,1,172,993,1,8
319,1,1,0,1,351,2084,1,18
320,0,1,0,1,72,419,1,6
321,0,1,0,1,79,416,1,1
322,1,1,0,1,7,50,1,0
323,1,1,0,1,24,136,1,1
324,1,1,0,1,15,88,1,2
325,1,1,0,1,6,27,1,1
326,1,1,0,1,23,173,1,3
327,1,1,0,0,1,0,0,0
328,1,1,0,0,1,0,0,0
329,1,1,0,0,1,0,0,0
330,1,1,0,1,10,54,1,1
331,0,1,0,1,21,107,1,1
332,1,1,0,1,71,406,1,15
333,0,1,0,1,64,379,1,4
334,0,1,0,0,1,0,0,0
335,1,1,0,1,17,79,1,1
336,1,1,0,1,62,329,1,3
337,1,1,0,1,15,95,1,1
338,1,1,0,1,24,134,1,0
339,1,1,0,1,20,105,1,1
340,1,1,0,1,11,66,1,1
341,1,1,0,1,26,127,1,1
342,1,1,0,0,1,0,0,0
343,1,1,0,1,6,36,1,1
344,1,1,0,0,1,0,0,0
345,0,1,0,1,4,32,1,1
346,0,1,0,1,11,73,1,1
347,0,1,0,1,16,89,1,1
348,0,1,0,1,133,816,1,3
349,0,1,0,1,150,810,1,7
350,1,1,0,1,151,802,1,7
351,0,1,0,1,21,119,2,2
352,1,1,0,1,69,404,1,4
353,0,1,0,1,79,407,1,3
354,0,1,0,1,47,248,1,2
355,1,1,0,1,13,66,1,0
356,1,1,0,1,18,102,1,1
357,1,1,0,0,1,0,0,0
358,1,1,0,0,1,0,0,0
359,0,1,0,1,79,461,3,7
360,1,1,0,0,1,0,0,0
361,1,1,0,0,1,0,0,0
362,0,1,0,1,180,1034,1,23
363,1,1,0,1,212,1206,1,16
364,1,1,0,1,205,1202,10,18
365,1,0,0,1,242,1433,9,16
366,1,1,0,1,109,686,1,11
367,1,1,0,1,71,473,1,3
368,1,1,0,1,59,445,1,7
369,1,0,0,1,292,1821,1,19
370,1,1,0,1,165,1039,1,5
371,1,1,0,1,36,205,1,3
372,1,0,0,1,21,128,1,2
373,1,0,0,1,31,160,1,2
374,1,1,0,1,41,220,2,3
375,1,0,0,1,12,80,1,1
376,1,0,0,1,10,52,1,1
377,1,0,0,1,16,80,1,1
378,1,1,0,1,66,365,1,2
379,1,1,0,1,99,549,1,3
380,0,1,0,0,1,0,0,0
381,1,1,0,0,1,0,0,0
382,1,1,0,0,1,0,0,0
383,1,1,0,0,1,0,0,0
384,1,1,0,1,109,601,1,8
385,0,1,0,0,1,0,0,0
386,0,0,0,1,8,37,1,1
387,0,1,0,1,45,219,1,5
388,0,0,0,1,17,97,1,1
389,0,0,0,1,39,219,1,1
390,0,1,0,0,1,0,0,0
391,1,1,0,0,1,0,0,0
392,0,1,0,0,1,0,0,0
393,0,1,0,1,179,1051,1,14
394,0,0,0,1,94,556,1,3
395,0,1,0,1,30,164,1,2
396,0,1,0,0,1,0,0,0
397,0,1,0,0,1,0,0,0
398,1,1,0,1,254,1537,4,7
399,1,1,0,1,173,1034,4,9
400,1,1,0,1,121,740,1,4
401,0,1,0,1,106,604,1,2
402,0,1,0,0,1,0,0,0
403,0,1,0,0,1,0,0,0
404,1,1,0,1,54,304,1,7
405,0,0,0,1,29,149,2,2
406,0,0,0,1,38,198,4,3
407,0,1,0,0,1,0,0,0
408,0,1,0,1,93,587,2,6
409,1,1,0,1,12,73,1,1
410,1,1,0,1,150,791,2,8
411,0,1,0,0,1,0,0,0
412,1,1,0,1,49,296,1,2
413,0,1,0,1,95,581,1,5
414,1,1,0,1,67,363,1,3
415,0,1,0,1,77,437,1,6
416,0,1,0,1,44,272,1,2
417,1,1,0,1,127,805,1,4
418,0,1,0,1,277,1736,1,19
419,0,1,0,1,6,49,1,1
420,0,1,0,1,70,411,1,5
421,0,1,0,0,1,0,0,0
422,0,1,0,0,1,0,0,0
423,1,1,0,0,1,0,0,0
424,0,1,0,1,4,17,1,0
425,1,1,0,1,4,26,1,1
426,1,1,0,1,6,32,1,0
427,1,1,0,1,6,30,1,0
428,1,1,0,0,1,0,0,0
429,0,1,0,0,1,0,0,0
430,0,1,0,1,25,156,4,3
431,1,1,0,1,11,61,3,0
432,0,0,0,0,1,0,0,0
433,1,1,0,1,414,2600,9,15
434,0,1,0,1,266,2080,3,17
435,1,1,0,1,120,614,1,7
436,0,1,0,1,53,297,1,3
437,0,1,0,1,51,259,1,4
438,0,1,0,1,51,271,1,4
439,1,1,0,1,25,126,1,2
440,1,1,0,1,38,194,1,2
441,0,1,0,1,102,621,1,6
442,1,1,0,1,204,1095,1,9
443,0,1,0,1,25,177,1,2
444,0,1,0,1,2,34,2,1
445,1,1,0,1,99,541,4,3
446,0,1,0,1,90,527,2,5
447,0,0,0,0,1,0,0,0
448,1,1,0,1,45,260,1,2
449,0,0,0,0,1,0,0,0
450,1,1,0,1,74,365,1,3
451,1,0,0,0,1,0,0,0
452,1,1,0,0,1,0,0,0
453,0,0,0,0,1,0,0,0
454,0,1,0,0,1,0,0,0
455,1,1,0,1,9,74,1,0
456,1,1,0,1,8,82,1,2
457,0,1,0,1,50,304,1,2
458,0,1,0,1,21,147,1,3
459,1,1,0,0,1,0,0,0
460,1,1,0,0,1,0,0,0
461,1,1,0,0,1,0,0,0
462,1,1,0,1,7,35,1,3
463,1,1,0,1,20,104,1,1
464,1,1,0,1,15,93,1,1
465,1,1,0,1,85,465,6,12
466,0,1,0,1,11,57,1,3
467,0,1,0,1,7,39,1,0
468,1,1,0,1,15,115,1,4
469,1,1,0,1,150,900,1,7
470,0,1,0,1,47,249,1,3
471,0,1,0,1,125,750,1,5
472,0,1,0,0,1,0,0,0
473,0,1,0,1,23,144,1,4
474,0,1,0,1,25,146,1,2
475,0,1,0,1,81,497,1,7
476,1,1,0,1,87,501,1,4
477,1,1,0,1,559,3448,1,54
478,0,1,0,1,27,167,1,2
479,1,1,0,1,157,1010,1,12
480,1,1,0,1,46,276,1,5
481,0,1,0,1,164,906,2,4
482,1,0,0,0,1,0,0,0
483,1,1,0,1,111,644,1,11
484,0,1,0,1,5,36,1,4
485,1,1,0,1,2,12,1,0
486,1,1,0,0,1,0,0,0
487,1,1,0,0,1,0,0,0
488,1,0,0,1,36,182,1,2
489,1,1,0,1,76,391,1,4
490,1,1,0,0,1,0,0,0
491,1,0,0,0,1,0,0,0
492,1,0,0,0,1,0,0,0
493,1,1,0,0,1,0,0,0
494,1,1,0,0,1,0,0,0
495,1,0,0,0,1,0,0,0
496,0,1,0,1,32,178,1,1
497,0,1,0,0,1,0,0,0
498,1,1,0,1,166,1041,1,6
499,0,1,0,1,48,286,1,2
500,0,1,0,1,47,254,1,3
501,0,1,0,1,270,1766,1,16
502,0,1,0,0,1,0,0,0
503,0,0,0,0,1,0,0,0
504,0,1,0,0,1,0,0,0
505,0,0,0,0,1,0,0,0
506,0,1,0,0,1,0,0,0
507,1,1,0,1,102,552,4,6
508,0,1,0,0,1,0,0,0
509,1,1,0,1,58,360,4,4
510,1,1,0,1,50,310,1,3
511,0,1,0,1,164,1082,4,10
512,1,1,0,1,185,1192,6,13
513,0,1,0,1,25,160,1,1
514,1,1,0,1,29,179,1,3
515,0,1,0,1,22,120,1,1
516,1,1,0,1,48,271,1,3
517,0,1,0,1,31,204,1,1
518,1,1,0,1,29,158,2,1
519,0,1,0,1,94,515,1,4
520,0,1,0,1,48,254,1,1
521,0,1,0,0,1,0,0,0
522,0,1,0,1,118,621,1,7
523,0,1,0,1,1,68,1,2
524,0,1,0,1,21,105,1,1
525,0,1,0,1,3,15,1,2
526,0,1,0,0,1,0,0,0
527,1,1,0,1,219,1226,1,12
528,1,1,0,1,71,457,2,6
529,1,1,0,1,87,511,1,3
530,1,1,0,1,105,588,3,5
531,1,1,0,1,154,861,1,11
532,1,1,0,1,277,1599,1,12
533,1,1,0,1,87,641,1,10
534,1,1,0,1,25,220,1,7
535,1,1,0,1,140,788,1,4
536,0,1,0,1,43,296,1,1
537,1,1,0,1,91,540,1,3
538,0,1,0,1,35,167,1,2
539,0,1,0,0,1,0,0,0
540,1,1,0,0,1,0,0,0
541,0,1,0,1,51,274,3,4
542,0,1,0,1,27,149,1,1
543,0,1,0,1,60,385,1,6
544,0,1,0,1,117,695,1,7
545,0,1,0,1,138,822,1,7
546,0,0,0,0,1,0,0,0
547,0,0,0,0,1,0,0,0
548,1,0,0,0,1,0,0,0
549,1,0,0,0,1,0,0,0
550,0,0,0,0,1,0,0,0
551,0,0,0,0,1,0,0,0
552,1,0,0,0,1,0,0,0
553,1,1,0,0,1,0,0,0
554,1,1,0,0,1,0,0,0
555,1,0,0,0,1,0,0,0
556,1,1,0,0,1,0,0,0
557,1,0,0,0,1,0,0,0
558,1,0,0,0,1,0,0,0
559,1,0,0,0,1,0,0,0
560,1,0,0,0,1,0,0,0
561,1,1,0,0,1,0,0,0
562,1,1,0,0,1,0,0,0
563,1,1,0,1,14,67,1,1
564,1,1,0,0,1,0,0,0
565,1,1,0,0,1,0,0,0
566,1,1,0,0,1,0,0,0
567,1,1,0,0,1,0,0,0
568,1,1,0,0,1,0,0,0
569,1,1,0,0,1,0,0,0
570,0,1,0,1,67,379,1,2
571,0,1,0,0,1,0,0,0
572,0,1,0,1,41,216,1,2
573,1,1,0,1,9,49,1,0
574,0,1,0,0,1,0,0,0
575,1,1,0,1,25,158,1,1
576,1,1,0,1,21,116,1,1
577,0,1,0,1,50,468,1,4
578,0,1,0,1,20,149,2,2
579,1,1,0,1,156,901,1,6
580,1,1,0,1,275,1621,1,19
581,1,1,0,0,1,0,0,0
582,0,1,0,1,59,355,1,3
583,0,1,0,0,1,0,0,0
584,0,1,0,1,32,179,1,4
585,0,1,0,1,58,333,1,6
586,1,1,0,1,149,899,2,5
587,1,1,0,1,33,177,1,1
588,1,1,0,1,67,364,1,3
589,1,1,0,1,141,812,1,8
590,1,1,0,1,288,1612,1,11
591,0,1,0,1,78,430,2,4
592,1,1,0,1,130,718,3,6
593,1,1,0,1,78,467,2,4
594,1,1,0,1,86,512,1,3
595,1,1,0,1,117,708,1,11
596,1,1,0,1,146,846,1,9
597,1,1,0,1,127,690,1,5
598,1,1,0,1,84,495,1,7
599,1,1,0,1,63,373,1,2
600,1,1,0,1,101,659,1,4
601,1,1,0,1,103,609,1,5
602,0,1,0,1,36,206,1,1
603,1,1,0,1,136,825,1,5
604,1,1,0,1,31,173,1,0
605,1,1,0,1,22,134,1,2
606,1,1,0,0,1,0,0,0
607,0,1,0,1,15,75,1,1
608,1,1,0,1,61,361,2,4
609,1,1,0,1,125,690,1,8
610,1,1,0,1,62,319,1,2
611,1,1,0,1,120,706,1,5
612,1,1,0,1,156,889,1,7
613,0,1,0,0,1,0,0,0
614,0,1,0,0,1,0,0,0
615,0,1,0,0,1,0,0,0
616,0,1,0,1,18,107,1,1
617,0,1,0,1,13,82,1,1
618,0,1,0,1,44,256,1,1
619,1,1,0,1,17,109,1,0
620,1,1,0,0,1,0,0,0
621,0,1,0,0,1,0,0,0
622,0,1,0,0,1,0,0,0
623,1,1,0,0,1,0,0,0
624,1,1,0,0,1,0,0,0
625,1,1,0,1,51,274,1,2
626,0,1,0,0,1,0,0,0
627,0,1,0,1,24,120,1,1
628,1,1,0,1,18,124,1,1
629,1,1,0,1,9,55,1,1
630,1,0,0,1,5,28,1,1
631,1,1,0,1,4,20,1,0
632,1,1,0,1,10,55,1,1
633,1,1,0,1,16,98,1,1
634,1,1,0,0,1,0,0,0
635,1,1,0,0,1,0,0,0
636,1,1,0,0,1,0,0,0
637,1,1,0,0,1,0,0,0
638,1,1,0,0,1,0,0,0
639,1,1,0,0,1,0,0,0
640,1,0,0,0,1,0,0,0
641,1,1,0,0,1,0,0,0
642,1,1,0,0,1,0,0,0
643,0,0,0,0,1,0,0,0
644,0,1,0,0,1,0,0,0
645,0,1,0,0,1,0,0,0
646,1,1,0,1,80,515,1,7
647,0,1,0,1,17,86,1,1
648,0,1,0,1,8,49,1,1
649,0,1,0,1,85,529,2,3
650,0,1,0,1,1933,21432,5,15
651,0,1,0,0,1,0,0,0
652,0,1,0,0,1,0,0,0
653,0,0,0,0,1,0,0,0
654,0,1,0,0,1,0,0,0
655,0,1,0,1,4,17,1,0
656,0,0,0,1,17,104,1,1
657,0,1,0,1,5,33,1,1
658,0,1,0,1,18,95,1,3
659,1,1,0,0,1,0,0,0
660,1,1,0,0,1,0,0,0
661,1,1,0,0,1,0,0,0
662,1,1,0,0,1,0,0,0
663,1,0,0,0,1,0,0,0
664,1,1,0,0,1,0,0,0
665,1,1,0,1,58,426,1,5
666,1,1,0,0,1,0,0,0
667,1,0,0,0,1,0,0,0
668,1,1,0,0,1,0,0,0
669,1,1,0,0,1,0,0,0
670,1,1,0,0,1,0,0,0
671,0,1,0,1,29,221,2,3
672,1,1,0,0,1,0,0,0
673,1,1,0,1,13,82,1,7
674,1,1,0,1,54,331,1,4
675,1,1,0,0,1,0,0,0
676,1,1,0,0,1,0,0,0
677,1,1,0,0,1,0,0,0
678,1,1,0,0,1,0,0,0
679,1,1,0,1,213,1234,1,5
680,1,1,0,0,1,0,0,0
681,1,1,0,1,215,1235,1,7
682,1,0,0,0,1,0,0,0
683,0,1,0,1,60,330,2,2
684,0,1,0,1,60,349,3,5
685,1,0,0,1,18,88,1,0
686,1,1,0,0,1,0,0,0
687,1,1,0,1,6,41,1,4
688,1,1,0,1,9,45,1,0
689,1,1,0,1,39,217,1,4
690,1,1,0,0,1,0,0,0
691,0,1,0,0,1,0,0,0
692,1,1,0,0,1,0,0,0
693,1,1,0,0,1,0,0,0
694,1,1,0,0,1,0,0,0
695,0,1,0,1,7,52,1,2
696,1,1,0,0,1,0,0,0
697,1,1,0,1,70,357,1,3
698,0,1,0,1,36,180,1,2
699,0,1,0,0,1,0,0,0
700,1,1,0,0,1,0,0,0
701,1,1,0,0,1,0,0,0
702,1,1,0,0,1,0,0,0
703,1,1,0,1,22,122,1,1
704,0,1,0,0,1,0,0,0
705,0,1,0,1,108,569,2,6
706,1,1,0,1,114,714,1,7
707,1,1,0,1,160,961,1,9
708,1,1,0,1,129,725,1,7
709,0,1,0,0,1,0,0,0
710,1,1,0,0,1,0,0,0
711,1,1,0,1,33,195,1,2
712,1,1,0,0,1,0,0,0
713,0,1,0,1,38,192,1,1
714,0,1,0,1,9,53,1,2
715,0,1,0,1,45,249,1,1
716,1,1,0,1,22,121,1,2
717,1,1,0,1,54,309,1,3
718,0,1,0,1,59,300,1,2
719,0,1,0,1,83,495,1,2
720,1,1,0,1,39,240,1,3
721,1,1,0,0,1,0,0,0
722,0,1,0,0,1,0,0,0
723,1,1,0,0,1,0,0,0
724,1,1,0,0,1,0,0,0
725,1,1,0,0,1,0,0,0
726,0,1,0,0,1,0,0,0
727,0,1,0,0,1,0,0,0
728,0,1,0,0,1,0,0,0
729,0,1,0,0,1,0,0,0
730,0,1,0,0,1,0,0,0
731,1,1,0,1,2,14,1,1
732,1,1,0,1,44,295,1,2
733,1,1,0,1,12,75,1,2
734,1,0,0,1,11,61,1,1
735,1,1,0,1,35,190,1,2
736,1,1,0,1,27,151,1,2
737,1,1,0,1,15,80,1,1
738,1,1,0,1,67,370,1,3
739,1,1,0,1,58,350,1,3
740,0,1,0,1,36,204,1,2
741,1,1,0,0,1,0,0,0
742,1,1,0,0,1,0,0,0
743,1,1,0,1,71,404,3,11
744,0,1,0,1,211,1135,1,5
745,1,1,0,0,1,0,0,0
746,1,1,0,0,1,0,0,0
747,0,1,0,0,1,0,0,0
748,0,1,0,1,14,68,1,1
749,0,1,0,1,34,184,1,3
750,1,1,0,1,109,634,1,7
751,1,1,0,1,237,1280,1,13
752,0,1,0,1,20,109,1,1
753,0,1,0,0,1,0,0,0
754,0,0,0,1,7,32,1,1
755,0,0,0,1,30,184,1,8
756,1,0,0,0,1,0,0,0
757,1,0,0,1,4,21,1,1
758,0,1,0,0,1,0,0,0
759,1,1,0,1,44,275,5,8
760,1,1,0,1,81,427,6,13
761,0,1,0,1,158,893,5,5
762,0,1,0,1,108,590,1,6
763,0,1,0,1,96,536,1,6
764,0,1,0,1,54,300,1,2
765,1,1,0,1,99,552,1,5
766,1,1,0,1,28,147,1,2
767,1,1,0,1,19,94,1,1
768,1,1,0,1,31,177,1,1
769,1,1,0,1,27,156,1,0
770,1,1,0,0,1,0,0,0
771,1,1,0,1,23,119,1,1
772,1,1,0,1,87,509,1,4
773,1,1,0,1,282,1637,1,20
774,1,1,0,0,1,0,0,0
775,1,1,0,0,1,0,0,0
776,1,1,0,0,1,0,0,0
777,1,1,0,0,1,0,0,0
778,1,1,0,0,1,0,0,0
779,1,1,0,0,1,0,0,0
780,1,1,0,0,1,0,0,0
781,1,1,0,0,1,0,0,0
782,0,1,0,0,1,0,0,0
783,0,1,0,0,1,0,0,0
784,0,1,0,1,27,304,2,5
785,1,1,0,1,77,409,1,4
786,1,1,0,0,1,0,0,0
787,1,1,0,0,1,0,0,0
788,1,0,0,1,62,323,1,1
789,1,1,0,1,11,54,1,1
790,0,1,0,0,1,0,0,0
791,0,1,0,1,288,1530,1,10
792,0,1,0,0,1,0,0,0
793,1,1,0,1,9,47,1,1
794,1,1,0,0,1,0,0,0
795,0,1,0,0,1,0,0,0
796,0,1,0,1,8,42,1,1
797,1,1,0,0,1,0,0,0
798,1,1,0,1,14,87,1,1
799,1,1,0,0,1,0,0,0
800,1,1,0,1,11,76,1,3
801,1,1,0,1,7,55,1,0
802,1,1,0,0,1,0,0,0
803,1,1,0,0,1,0,0,0
804,1,1,0,0,1,0,0,0
805,1,1,0,1,22,125,1,0
806,0,1,0,0,1,0,0,0
807,0,1,0,0,1,0,0,0
808,0,0,0,0,1,0,0,0
809,0,1,0,1,6,35,1,0
810,1,1,0,1,2,17,1,0
811,1,1,0,1,113,622,1,4
812,1,1,0,1,66,360,1,1
813,1,1,0,1,50,304,1,2
814,1,1,0,0,1,0,0,0
815,1,1,0,1,81,464,1,2
816,1,1,0,1,23,151,1,3
817,1,1,0,1,66,364,1,2
818,1,1,0,1,11,46,1,0
819,1,1,0,1,66,420,1,6
820,0,1,0,1,72,406,1,2
821,1,1,0,1,47,260,1,5
822,0,1,0,1,9,57,1,0
823,0,1,0,1,56,333,1,3
824,1,1,0,1,13,84,1,1
825,0,1,0,1,69,425,2,8
826,0,1,0,1,33,188,1,2
827,0,1,0,1,22,112,1,4
828,0,1,0,1,215,1324,1,26
829,0,1,0,1,110,670,1,18
830,1,1,0,0,1,0,0,0
831,1,1,0,1,43,282,1,2
832,0,1,0,1,57,295,1,2
833,0,1,0,1,60,307,1,3
834,1,1,0,1,65,350,1,1
835,1,1,0,1,44,260,1,3
836,1,1,0,1,26,133,2,2
837,1,1,0,0,1,0,0,0
838,0,1,0,0,1,0,0,0
839,1,1,0,0,1,0,0,0
840,1,1,0,0,1,0,0,0
841,1,1,0,0,1,0,0,0
842,0,1,0,0,1,0,0,0
843,1,1,0,1,61,342,3,4
844,0,1,0,1,1,7,1,0
845,1,1,0,1,91,503,1,6
846,0,1,0,1,38,241,1,3
847,1,1,0,1,82,478,1,6
848,1,1,0,0,1,0,0,0
849,1,1,0,0,1,0,0,0
850,1,0,0,0,1,0,0,0
851,0,1,0,0,1,0,0,0
852,0,1,0,1,94,696,5,9
853,1,1,0,1,11,92,1,1
854,0,1,0,0,1,0,0,0
855,1,1,0,0,1,0,0,0
856,1,1,0,0,1,0,0,0
857,1,1,0,0,1,0,0,0
858,0,1,0,1,28,137,2,2
859,0,1,0,1,42,228,1,2
860,0,1,0,1,46,277,1,2
861,0,1,0,1,87,470,1,7
862,0,1,0,1,84,497,1,10
863,1,1,0,1,100,534,4,4
864,1,1,0,1,126,683,4,3
865,1,1,0,1,158,878,1,5
866,1,1,0,1,86,498,1,2
867,1,1,0,1,308,2535,15,27
868,1,1,0,1,165,900,4,10
869,1,1,0,1,193,1137,1,14
870,1,0,0,1,237,1495,1,16
871,1,1,0,1,106,695,1,7
872,1,1,0,1,171,1015,1,9
873,1,1,0,1,159,863,1,10
874,1,1,0,1,90,546,1,4
875,1,1,0,1,91,651,1,4
876,0,1,0,1,49,268,1,2
877,1,1,0,1,160,964,1,7
878,1,1,0,1,69,412,1,1
879,0,1,0,1,57,320,1,3
880,1,1,0,0,1,0,0,0
881,1,1,0,1,20,144,2,2
882,1,1,0,0,1,0,0,0
883,1,1,0,0,1,0,0,0
884,1,1,0,1,71,426,1,3
885,1,1,0,1,10,44,1,1
886,0,1,0,1,149,947,8,11
887,0,1,0,1,15,78,3,3
888,0,1,0,1,22,121,1,3
889,0,1,0,1,11,54,1,3
890,1,1,0,1,145,835,1,13
891,1,1,0,1,62,341,1,5
892,1,1,0,0,1,0,0,0
893,1,1,0,1,188,1296,4,8
894,0,1,0,1,85,474,1,7
895,1,1,0,1,216,1392,1,10
896,1,1,0,1,67,413,1,2
897,1,1,0,1,48,300,1,2
898,1,1,0,0,1,0,0,0
899,0,1,0,0,1,0,0,0
900,0,1,0,1,61,371,1,3
901,1,1,0,0,1,0,0,0
902,1,1,0,0,1,0,0,0
903,0,1,0,1,27,173,1,1
904,0,1,0,1,22,121,1,2
905,0,1,0,1,35,200,1,2
906,1,1,0,0,1,0,0,0
907,1,1,0,1,52,288,1,4
908,1,1,0,1,46,296,1,2
909,1,1,0,1,34,205,1,1
910,1,1,0,1,38,212,1,4
911,1,1,0,0,1,0,0,0
912,1,1,0,0,1,0,0,0
913,1,1,0,0,1,0,0,0
914,1,1,0,0,1,0,0,0
915,1,1,0,0,1,0,0,0
916,1,1,0,0,1,0,0,0
917,1,1,0,0,1,0,0,0
918,1,1,0,0,1,0,0,0
919,1,1,0,0,1,0,0,0
920,1,1,0,0,1,0,0,0
921,1,1,0,0,1,0,0,0
922,0,1,0,0,1,0,0,0
923,1,1,0,0,1,0,0,0
924,0,1,0,0,1,0,0,0
925,1,1,0,1,277,1971,11,10
926,1,1,0,1,95,614,2,5
927,1,1,0,1,86,497,1,5
928,0,1,0,0,1,0,0,0
929,0,1,0,1,55,315,1,2
930,1,1,0,0,1,0,0,0
931,1,1,0,0,1,0,0,0
932,0,1,0,0,1,0,0,0
933,1,1,0,0,1,0,0,0
934,1,1,0,0,1,0,0,0
935,1,1,0,0,1,0,0,0
936,0,1,0,1,35,189,1,4
937,0,1,0,1,65,418,1,4
938,1,1,0,1,51,256,1,5
939,0,1,0,1,23,127,1,4
940,1,1,0,1,47,307,1,9
941,0,1,0,1,13,79,1,1
942,0,1,0,1,121,693,1,11
943,1,1,0,1,152,826,1,12
944,1,1,0,0,1,0,0,0
945,1,1,0,1,52,303,1,5
946,1,1,0,0,1,0,0,0
947,1,1,0,1,52,321,1,6
948,0,1,0,1,56,343,1,5
949,1,1,0,0,1,0,0,0
950,1,1,0,0,1,0,0,0
951,1,1,0,1,9,49,1,1
952,1,1,0,0,1,0,0,0
953,1,1,0,1,81,570,2,8
954,1,1,0,1,51,278,1,4
955,1,1,0,1,431,2619,1,21
956,1,1,0,1,249,1454,1,12
957,1,1,0,1,220,1289,1,5
958,1,1,0,1,402,2453,1,19
959,1,1,0,1,226,1292,1,13
960,1,1,0,0,1,0,0,0
961,0,1,0,0,1,0,0,0
962,1,1,0,1,258,1469,2,9
963,0,0,0,1,182,1216,5,15
964,1,1,0,1,120,758,1,7
965,0,1,0,1,104,563,4,4
966,0,1,0,1,87,502,5,6
967,0,0,0,0,1,0,0,0
968,0,1,0,0,1,0,0,0
969,0,1,0,0,1,0,0,0
970,1,1,0,1,64,361,1,4
971,1,1,0,1,62,334,1,5
972,1,0,0,0,1,0,0,0
973,0,0,0,1,4,41,1,3
974,1,1,0,0,1,0,0,0
975,1,1,0,1,42,341,1,4
976,1,1,0,0,1,0,0,0
977,0,1,0,0,1,0,0,0
978,0,1,0,1,22,125,1,2
979,0,1,0,0,1,0,0,0
980,1,1,0,0,1,0,0,0
981,1,1,0,1,57,305,1,3
982,0,1,0,1,211,1447,5,10
983,1,1,0,1,136,811,2,5
984,1,1,0,1,57,322,1,3
985,1,1,0,1,130,820,1,4
986,0,1,0,1,40,220,1,2
987,1,1,0,1,5,99,1,4
988,0,1,0,1,87,545,1,4
989,0,1,0,1,42,264,1,1
990,0,1,0,0,1,0,0,0
991,1,1,0,1,30,193,1,0
992,0,1,0,0,1,0,0,0
993,0,1,0,1,116,666,4,8
994,1,1,0,0,1,0,0,0
995,1,1,0,0,1,0,0,0
996,1,1,0,1,4,24,1,0
997,1,1,0,0,1,0,0,0
998,1,1,0,0,1,0,0,0
999,1,1,0,0,1,0,0,0
1000,0,1,0,1,240,1570,5,15
1001,0,1,0,1,118,742,4,7
1002,0,1,0,1,181,1102,1,9
1003,0,1,0,1,44,316,1,6
1004,0,1,0,0,1,0,0,0
1005,1,1,0,0,1,0,0,0
1006,1,1,0,0,1,0,0,0
1007,0,1,0,1,6,31,1,6
1008,1,1,0,1,110,661,1,4
1009,0,1,0,1,85,522,4,5
1010,0,1,0,1,25,167,7,0
1011,1,1,0,1,165,1061,5,6
1012,0,1,0,1,143,935,1,6
1013,1,1,0,1,123,828,1,9
1014,1,1,0,1,121,769,1,3
1015,1,1,0,1,198,1348,1,12
1016,0,1,0,0,1,0,0,0
1017,1,1,0,1,99,610,2,7
1018,0,1,0,0,1,0,0,0
1019,1,1,0,0,1,0,0,0
1020,0,1,0,1,23,121,1,1
1021,1,1,0,1,44,249,1,4
1022,0,1,0,1,53,313,1,2
1023,1,1,0,1,164,912,2,8
1024,1,1,0,1,124,703,1,7
1025,1,1,0,1,171,1015,1,7
1026,1,1,0,1,57,366,1,3
1027,0,1,0,1,2,14,1,1
1028,0,1,0,1,164,1054,3,8
1029,0,1,0,0,1,0,0,0
1030,0,1,0,1,37,239,1,2
1031,1,1,0,1,6,32,1,1
1032,1,1,0,1,63,404,1,2
1033,0,1,0,1,43,224,3,4
1034,0,1,0,1,51,307,1,8
1035,1,1,0,1,13,80,1,2
1036,1,1,0,1,19,106,1,0
1037,1,1,0,1,57,342,1,3
1038,1,1,0,0,1,0,0,0
1039,1,1,0,0,1,0,0,0
1040,0,1,0,0,1,0,0,0
1041,1,1,0,0,1,0,0,0
1042,1,1,0,0,1,0,0,0
1043,1,1,0,1,26,164,1,1
1044,0,1,0,1,45,325,1,2
1045,1,1,0,1,69,430,1,5
1046,1,1,0,1,122,831,1,10
1047,1,1,0,1,47,289,1,3
1048,1,1,0,1,205,1202,10,18
1049,1,0,0,1,242,1433,9,16
1050,1,1,0,1,109,686,1,11
1051,1,1,0,1,71,473,1,3
1052,1,1,0,1,59,445,1,7
1053,1,0,0,1,292,1821,1,19
1054,1,1,0,1,165,1039,1,5
1055,1,1,0,1,36,205,1,3
1056,1,0,0,1,21,128,1,2
1057,1,0,0,1,31,160,1,2
1058,1,1,0,1,41,220,2,3
1059,1,0,0,1,12,80,1,1
1060,1,0,0,1,10,52,1,1
1061,1,0,0,1,16,80,1,1
1062,0,0,0,0,1,0,0,0
1063,1,1,0,0,1,0,0,0
1064,0,1,0,0,1,0,0,0
1065,0,1,0,1,6,23,1,0
1066,1,1,0,1,7,39,1,2
1067,1,1,0,1,11,62,1,3
1068,0,0,0,0,1,0,0,0
1069,0,0,0,0,1,0,0,0
1070,1,1,0,1,118,681,4,11
1071,1,1,0,1,58,318,2,4
1072,1,1,0,1,78,408,1,4
1073,1,1,0,1,73,445,1,5
1074,1,1,0,1,135,807,1,6
1075,1,1,0,1,96,547,1,6
1076,0,1,0,1,52,286,1,2
1077,0,1,0,1,26,153,1,1
1078,1,1,0,1,42,225,2,4
1079,1,1,0,1,73,391,2,4
1080,1,1,0,0,1,0,0,0
1081,1,1,0,0,1,0,0,0
1082,0,1,0,1,37,234,1,2
1083,1,1,0,1,43,267,1,2
1084,0,1,0,1,214,1170,5,8
1085,1,1,0,1,515,2938,10,33
1086,0,1,0,0,1,0,0,0
1087,1,1,0,1,77,430,1,3
1088,1,1,0,1,88,528,1,5
1089,1,1,0,1,110,628,2,8
1090,1,1,0,1,19,109,2,2
1091,1,1,0,1,55,295,1,2
1092,1,1,0,0,1,0,0,0
1093,1,1,0,0,1,0,0,0
1094,1,1,0,0,1,0,0,0
1095,1,1,0,0,1,0,0,0
1096,0,1,0,1,15,95,1,1
1097,0,1,0,1,36,231,1,1
1098,1,1,0,1,58,465,2,4
1099,0,1,0,1,3,25,1,1
1100,1,1,0,1,100,631,1,8
1101,1,1,0,1,50,294,1,3
1102,0,1,0,1,83,491,1,7
1103,1,1,0,0,1,0,0,0
1104,0,1,0,1,87,589,1,3
1105,1,1,0,1,67,426,2,5
1106,1,1,0,1,136,915,1,14
1107,1,0,0,0,1,0,0,0
1108,0,1,0,1,55,347,1,2
1109,0,1,0,0,1,0,0,0
1110,1,1,0,0,1,0,0,0
1111,0,1,0,0,1,0,0,0
1112,1,1,0,1,92,596,3,5
1113,0,1,0,0,1,0,0,0
1114,0,1,0,0,1,0,0,0
1115,0,1,0,0,1,0,0,0
1116,0,1,0,1,46,299,1,1
1117,1,1,0,1,46,297,1,1
1118,1,1,0,1,169,1028,3,16
1119,0,1,0,1,97,582,2,7
1120,0,1,0,1,180,1115,1,11
1121,1,1,0,1,174,1063,1,7
1122,1,1,0,1,176,1055,1,5
1123,0,1,0,1,2,10,1,1
1124,0,1,0,0,1,0,0,0
1125,1,1,0,1,12,96,1,3
1126,0,1,0,1,58,398,1,3
1127,0,1,0,1,154,885,1,7
1128,0,1,0,0,1,0,0,0
1129,1,1,0,0,1,0,0,0
1130,0,1,0,0,1,0,0,0
1131,1,1,0,1,10,109,1,2
1132,0,1,0,1,55,348,1,2
1133,1,1,0,1,49,307,1,2
1134,0,1,0,0,1,0,0,0
1135,1,1,0,0,1,0,0,0
1136,0,0,0,1,71,420,1,4
1137,0,0,0,0,1,0,0,0
1138,0,1,0,1,90,501,3,3
1139,0,1,0,1,6,34,1,1
1140,0,1,0,1,15,88,1,1
1141,1,1,0,1,33,226,4,0
1142,0,1,0,0,1,0,0,0
1143,0,1,0,0,1,0,0,0
1144,1,1,0,1,56,320,1,2
1145,1,1,0,0,1,0,0,0
1146,1,1,0,1,25,163,1,1
1147,1,1,0,1,32,184,1,1
1148,1,1,0,1,39,193,1,1
1149,1,1,0,1,35,209,1,2
1150,1,1,0,1,27,161,1,1
1151,1,1,0,1,44,246,1,5
1152,1,1,0,1,52,285,1,3
1153,1,1,0,1,42,279,2,5
1154,0,1,0,1,8,53,1,0
1155,0,1,0,1,11,54,1,3
1156,1,1,0,1,38,282,1,4
1157,0,1,0,0,1,0,0,0
1158,1,1,0,1,1,7,1,0
1159,0,1,0,0,1,0,0,0
1160,1,1,0,1,83,544,1,4
1161,0,1,0,1,85,636,1,3
1162,0,1,0,1,85,636,1,3
1163,1,1,0,0,1,0,0,0
1164,1,1,0,0,1,0,0,0
1165,0,1,0,1,123,711,1,5
1166,0,1,0,0,1,0,0,0
1167,1,1,0,1,63,388,1,4
1168,1,1,0,0,1,0,0,0
1169,0,1,0,0,1,0,0,0
1170,1,1,0,1,337,2072,5,12
1171,0,1,0,1,117,636,3,5
1172,0,1,0,1,77,412,1,2
1173,1,1,0,1,38,223,1,1
1174,0,1,0,1,20,119,1,1
1175,0,1,0,1,39,238,1,2
1176,1,1,0,1,36,205,1,2
1177,1,1,0,1,36,195,1,6
1178,1,1,0,1,43,261,1,2
1179,1,1,0,1,20,113,1,1
1180,1,1,0,1,29,156,1,1
1181,0,1,0,1,55,315,1,2
1182,0,1,0,0,1,0,0,0
1183,1,1,0,1,319,1752,1,27
1184,1,1,0,1,387,1915,1,21
1185,1,1,0,1,236,1280,1,16
1186,1,1,0,1,204,1074,1,9
1187,1,1,0,1,5,40,1,0
1188,1,1,0,1,277,1453,1,20
1189,1,1,0,1,161,863,1,10
1190,0,1,0,0,1,0,0,0
1191,0,1,0,1,77,394,1,3
1192,0,1,0,1,265,1646,10,18
1193,1,1,0,1,169,994,6,18
1194,1,1,0,1,277,1760,1,13
1195,1,1,0,1,241,1431,1,11
1196,1,1,0,1,185,1105,1,7
1197,1,1,0,0,1,0,0,0
1198,1,1,0,0,1,0,0,0
1199,1,1,0,1,47,291,1,4
1200,1,1,0,1,32,178,1,1
1201,1,1,0,1,10,55,1,1
1202,1,1,0,1,27,127,1,3
1203,1,1,0,0,1,0,0,0
1204,1,1,0,1,75,400,3,6
1205,1,1,0,1,65,465,3,5
1206,1,1,0,1,119,778,1,14
1207,0,1,0,1,106,627,1,13
1208,1,1,0,1,96,621,1,6
1209,1,1,0,1,10,71,1,1
1210,1,1,0,1,29,163,1,3
1211,1,1,0,0,1,0,0,0
1212,1,1,0,1,7,39,1,1
1213,1,1,0,0,1,0,0,0
1214,1,1,0,1,83,495,5,8
1215,1,1,0,0,1,0,0,0
1216,1,1,0,1,14,84,1,1
1217,1,1,0,1,70,371,1,3
1218,1,0,0,0,1,0,0,0
1219,1,1,0,0,1,0,0,0
1220,0,0,0,0,1,0,0,0
1221,0,1,0,1,9,48,1,1
1222,1,1,0,1,18,103,1,0
1223,1,1,0,1,13,62,1,0
1224,0,1,0,1,6,35,1,1
1225,1,1,0,0,1,0,0,0
1226,1,1,0,0,1,0,0,0
1227,1,1,0,0,1,0,0,0
1228,1,1,0,1,40,300,2,2
1229,1,1,0,1,12,101,1,1
1230,1,1,0,1,6,43,1,2
1231,1,1,0,1,5,27,1,3
1232,1,1,0,0,1,0,0,0
1233,1,1,0,0,1,0,0,0
1234,0,1,0,0,1,0,0,0
1235,1,1,0,1,95,903,2,9
1236,0,1,0,1,139,845,1,9
1237,1,1,0,1,21,117,1,1
1238,0,1,0,1,90,487,1,5
1239,1,1,0,1,77,457,1,4
1240,0,1,0,1,84,494,1,5
1241,0,1,0,1,186,1110,1,13
1242,0,1,0,1,109,655,1,5
1243,1,1,0,1,52,299,1,3
1244,0,1,0,1,200,1154,6,6
1245,0,1,0,1,108,660,1,5
1246,1,1,0,1,65,396,1,2
1247,0,1,0,1,70,411,2,2
1248,0,1,0,0,1,0,0,0
1249,1,1,0,1,9,74,1,0
1250,1,1,0,1,8,82,1,2
1251,0,1,0,1,33,202,1,2
1252,0,1,0,1,180,1169,3,10
1253,0,1,0,1,95,534,1,4
1254,1,1,0,1,111,660,1,5
1255,1,1,0,1,162,928,1,3
1256,1,1,0,0,1,0,0,0
1257,0,1,0,0,1,0,0,0
1258,0,1,0,0,1,0,0,0
1259,0,0,0,0,1,0,0,0
1260,0,1,0,0,1,0,0,0
1261,0,1,0,1,14,76,1,1
1262,0,1,0,1,8,48,1,1
1263,1,1,0,0,1,0,0,0
1264,1,1,0,1,27,133,1,2
1265,0,0,0,0,1,0,0,0
1266,1,1,0,1,174,996,1,10
1267,1,1,0,1,16,67,1,1
1268,1,1,0,0,1,0,0,0
1269,1,1,0,0,1,0,0,0
1270,1,1,0,0,1,0,0,0
1271,1,1,0,0,1,0,0,0
1272,1,1,0,1,11,55,1,0
1273,1,1,0,0,1,0,0,0
1274,1,1,0,0,1,0,0,0
1275,1,1,0,0,1,0,0,0
1276,0,1,0,1,33,203,1,1
1277,0,1,0,1,9,50,1,1
1278,0,1,0,1,137,792,1,11
1279,1,1,0,1,14,75,1,1
1280,1,1,0,1,39,240,1,4
1281,1,1,0,0,1,0,0,0
1282,1,1,0,1,22,152,2,5
1283,1,1,0,1,93,551,1,6
1284,1,1,0,0,1,0,0,0
1285,1,1,0,1,16,108,1,2
1286,1,1,0,0,1,0,0,0
1287,1,1,0,0,1,0,0,0
1288,1,1,0,0,1,0,0,0
1289,1,0,0,0,1,0,0,0
1290,1,1,0,1,78,468,1,3
1291,0,1,0,1,11,70,1,1
1292,1,1,0,1,21,106,1,4
1293,0,1,0,1,22,121,1,1
1294,0,1,0,0,1,0,0,0
1295,0,1,0,0,1,0,0,0
1296,1,1,0,1,25,131,1,1
1297,1,1,0,1,14,75,1,1
1298,1,1,0,1,25,128,1,1
1299,1,1,0,1,32,175,1,1
1300,1,1,0,1,16,101,1,1
1301,0,1,0,0,1,0,0,0
1302,1,1,0,1,11,88,2,1
1303,1,1,0,1,24,139,2,1
1304,0,0,0,1,33,187,2,2
1305,1,1,0,1,149,955,1,7
1306,1,1,0,0,1,0,0,0
1307,1,1,0,0,1,0,0,0
1308,1,1,0,1,75,400,3,6
1309,1,1,0,1,65,465,3,5
1310,1,1,0,1,119,778,1,14
1311,0,1,0,1,106,627,1,13
1312,1,1,0,1,96,621,1,6
1313,1,1,0,1,10,71,1,1
1314,1,1,0,1,29,163,1,3
1315,1,1,0,0,1,0,0,0
1316,1,1,0,1,7,39,1,1
1317,0,1,0,1,17,90,1,1
1318,0,1,0,1,28,177,1,2
1319,0,1,0,1,99,597,5,14
1320,0,1,0,0,1,0,0,0
1321,0,1,0,1,5,20,1,0
1322,1,1,0,1,128,825,1,4
1323,0,1,0,1,118,746,1,3
1324,0,1,0,1,19,116,1,2
1325,0,1,0,1,18,129,1,1
1326,0,1,0,1,41,225,1,2
1327,0,1,0,1,17,86,1,1
1328,1,1,0,1,124,763,1,13
1329,0,1,0,1,528,3032,6,25
1330,0,1,0,1,19,114,1,1
1331,0,0,0,1,1,3,1,0
1332,1,1,0,1,6,34,1,1
1333,1,1,0,1,7,39,1,1
1334,1,1,0,1,59,365,1,4
1335,0,1,0,0,1,0,0,0
1336,0,1,0,1,37,232,1,3
1337,0,1,0,1,99,547,1,4
1338,0,1,0,1,150,829,1,7
1339,0,1,0,1,5,28,1,3
1340,1,1,0,1,6,34,1,0
1341,1,1,0,1,7,39,1,1
1342,1,1,0,1,105,651,1,5
1343,0,1,0,1,3,20,1,0
1344,1,1,0,1,17,132,1,3
1345,0,1,0,0,1,0,0,0
1346,0,1,0,0,1,0,0,0
1347,0,1,0,1,20,135,1,1
1348,1,1,0,1,114,649,1,8
1349,1,1,0,1,190,1076,1,10
1350,1,1,0,0,1,0,0,0
1351,1,1,0,0,1,0,0,0
1352,1,1,0,0,1,0,0,0
1353,1,1,0,0,1,0,0,0
1354,1,1,0,0,1,0,0,0
1355,1,1,0,0,1,0,0,0
1356,1,1,0,1,70,366,1,1
1357,1,1,0,0,1,0,0,0
1358,0,1,0,1,12,98,1,3
1359,0,1,0,1,38,198,1,2
1360,0,1,0,0,1,0,0,0
1361,0,1,0,1,92,516,1,10
1362,0,1,0,0,1,0,0,0
1363,1,1,0,0,1,0,0,0
1364,1,1,0,1,18,97,1,2
1365,1,1,0,1,34,204,1,1
1366,1,1,0,0,1,0,0,0
1367,1,1,0,0,1,0,0,0
1368,1,0,0,0,1,0,0,0
1369,0,1,0,1,265,1646,10,18
1370,1,1,0,1,169,994,6,18
1371,1,1,0,1,277,1760,1,13
1372,1,1,0,1,241,1431,1,11
1373,1,1,0,1,185,1105,1,7
1374,1,1,0,0,1,0,0,0
1375,1,1,0,0,1,0,0,0
1376,1,1,0,1,75,428,1,6
1377,1,1,0,1,58,368,1,2
1378,1,1,0,1,100,599,1,4
1379,1,1,0,1,46,265,1,3
1380,1,1,0,1,40,241,1,2
1381,1,1,0,1,157,877,1,4
1382,1,1,0,1,121,694,1,6
1383,1,1,0,0,1,0,0,0
1384,0,1,0,0,1,0,0,0
1385,0,1,0,1,15,78,1,2
1386,0,1,0,0,1,0,0,0
1387,0,1,0,0,1,0,0,0
1388,0,1,0,1,46,221,1,4
1389,0,1,0,1,21,129,1,1
1390,1,1,0,1,18,99,1,1
1391,1,1,0,1,55,281,1,2
1392,1,1,0,1,12,75,1,2
1393,1,1,0,1,41,240,1,1
1394,0,1,0,0,1,0,0,0
1395,0,1,0,0,1,0,0,0
1396,0,1,0,0,1,0,0,0
1397,1,1,0,0,1,0,0,0
1398,0,1,0,1,32,179,1,1
1399,0,1,0,0,1,0,0,0
1400,0,1,0,1,11,53,1,1
1401,1,1,0,1,13,80,1,1
1402,1,1,0,1,165,934,1,8
1403,1,1,0,1,228,1358,1,10
1404,0,1,0,0,1,0,0,0
1405,0,1,0,0,1,0,0,0
1406,1,1,0,1,4,23,1,1
1407,1,1,0,1,15,77,1,1
1408,1,1,0,1,12,86,1,3
1409,1,1,0,1,152,883,1,8
1410,1,1,0,1,130,760,1,6
1411,1,1,0,0,1,0,0,0
1412,1,1,0,0,1,0,0,0
1413,1,1,0,0,1,0,0,0
1414,0,1,0,1,181,1034,1,10
1415,0,1,0,1,248,1472,1,17
1416,1,1,0,1,24,143,1,2
1417,1,1,0,1,18,96,1,3
1418,1,1,0,1,48,284,1,2
1419,1,1,0,1,21,107,1,1
1420,0,1,0,1,29,154,1,2
1421,0,1,0,0,1,0,0,0
1422,0,1,0,0,1,0,0,0
1423,0,1,0,1,83,459,3,8
1424,0,1,0,1,21,123,1,2
1425,0,1,0,1,1,8,1,0
1426,0,1,0,0,1,0,0,0
1427,1,1,0,1,77,399,1,4
1428,0,0,0,0,1,0,0,0
1429,0,1,0,1,122,720,1,6
1430,0,1,0,0,1,0,0,0
1431,0,1,0,0,1,0,0,0
1432,1,1,0,0,1,0,0,0
1433,0,1,0,1,5,20,1,3
1434,1,0,0,1,17,79,1,1
1435,0,1,0,1,14,89,1,0
1436,1,1,0,1,19,111,2,1
1437,1,1,0,1,72,409,1,1
1438,1,1,0,1,119,708,1,3
1439,1,1,0,1,4,31,1,0
1440,1,1,0,1,28,156,1,6
1441,1,1,0,1,31,190,1,9
1442,1,1,0,1,139,784,3,7
1443,1,1,0,1,110,570,2,4
1444,1,1,0,1,177,976,1,4
1445,1,1,0,1,22,122,1,2
1446,1,1,0,0,1,0,0,0
1447,1,1,0,1,37,203,1,2
1448,0,1,0,1,31,178,1,3
1449,1,1,0,1,66,372,2,4
1450,1,1,0,1,97,567,1,4
1451,1,1,0,1,126,758,3,7
1452,0,1,0,1,40,224,1,2
1453,1,1,0,1,215,1211,5,15
1454,0,1,0,1,192,1128,2,12
1455,0,1,0,1,165,913,2,9
1456,0,1,0,1,153,866,1,5
1457,0,1,0,1,1,4,1,0
1458,0,1,0,1,3,12,1,1
1459,0,1,0,0,1,0,0,0
1460,0,1,0,1,12,58,1,1
1461,0,1,0,0,1,0,0,0
1462,0,1,0,1,10,53,1,1
1463,1,1,0,1,177,926,4,11
1464,0,1,0,1,136,753,1,9
1465,0,1,0,1,11,58,1,1
1466,1,1,0,0,1,0,0,0
1467,1,1,0,1,4,16,1,1
1468,1,1,0,0,1,0,0,0
1469,1,1,0,0,1,0,0,0
1470,0,1,0,0,1,0,0,0
1471,1,1,0,0,1,0,0,0
1472,1,1,0,0,1,0,0,0
1473,1,1,0,0,1,0,0,0
1474,1,1,0,0,1,0,0,0
1475,1,1,0,0,1,0,0,0
1476,1,1,0,0,1,0,0,0
1477,1,1,0,0,1,0,0,0
1478,1,1,0,1,131,738,2,6
1479,1,1,0,1,291,1697,5,13
1480,1,1,0,1,3,17,1,0
1481,1,1,0,1,171,965,1,11
1482,1,1,0,1,91,531,2,3
1483,0,1,0,1,120,753,2,8
1484,0,0,0,0,1,0,0,0
1485,0,1,0,0,1,0,0,0
1486,0,1,0,1,2,14,1,0
1487,0,1,0,0,1,0,0,0
1488,1,1,0,1,46,227,1,1
1489,1,1,0,1,72,447,1,2
1490,0,1,0,1,23,118,1,1
1491,0,0,0,0,1,0,0,0
1492,0,1,0,0,1,0,0,0
1493,0,1,0,0,1,0,0,0
1494,1,0,0,0,1,0,0,0
1495,1,1,0,1,51,312,1,3
1496,0,1,0,0,1,0,0,0
1497,0,1,0,1,19,96,1,1
1498,1,1,0,1,340,1952,4,20
1499,1,1,0,1,168,915,5,10
1500,1,1,0,1,257,1552,1,11
1501,1,1,0,1,11,63,1,2
1502,1,1,0,1,23,107,1,3
1503,1,1,0,0,1,0,0,0
1504,1,1,0,0,1,0,0,0
1505,1,1,0,0,1,0,0,0
1506,1,1,0,0,1,0,0,0
1507,1,1,0,0,1,0,0,0
1508,1,1,0,0,1,0,0,0
1509,0,1,0,1,65,374,1,4
1510,0,1,0,0,1,0,0,0
1511,1,1,0,0,1,0,0,0
1512,1,1,0,0,1,0,0,0
1513,0,1,0,0,1,0,0,0
1514,0,1,0,1,41,253,1,1
1515,0,1,0,1,8,45,1,2
1516,1,1,0,1,58,336,1,2
1517,0,1,0,1,35,191,1,4
1518,0,1,0,0,1,0,0,0
1519,0,1,0,0,1,0,0,0
1520,1,1,0,1,52,302,1,8
1521,0,1,0,1,88,507,3,10
1522,1,1,0,1,73,584,3,8
1523,1,1,0,1,120,692,4,6
1524,1,1,0,1,22,129,1,1
1525,0,1,0,1,140,727,3,6
1526,0,1,0,1,523,3109,1,34
1527,1,1,0,0,1,0,0,0
1528,1,1,0,0,1,0,0,0
1529,1,1,0,1,13,71,1,2
1530,1,0,0,1,7,30,1,0
1531,1,1,0,0,1,0,0,0
1532,1,1,0,0,1,0,0,0
1533,0,1,0,1,44,246,1,3
1534,0,1,0,1,90,533,3,5
1535,0,1,0,1,99,577,1,8
1536,1,1,0,1,42,306,2,2
1537,1,1,0,0,1,0,0,0
1538,1,1,0,0,1,0,0,0
1539,1,1,0,0,1,0,0,0
1540,1,1,0,1,11,56,1,3
1541,1,1,0,0,1,0,0,0
1542,1,1,0,0,1,0,0,0
1543,1,1,0,0,1,0,0,0
1544,0,1,0,1,64,404,2,2
1545,0,1,0,0,1,0,0,0
1546,0,1,0,1,10,48,3,1
1547,1,1,0,0,1,0,0,0
1548,1,1,0,1,44,235,1,3
1549,1,1,0,0,1,0,0,0
1550,1,1,0,1,63,365,1,7
1551,1,1,0,1,88,471,3,4
1552,1,1,0,1,15,94,3,3
1553,1,1,0,1,26,144,1,1
1554,0,1,0,1,54,290,1,6
1555,0,1,0,1,146,821,3,18
1556,0,1,0,1,101,582,1,5
1557,0,1,0,0,1,0,0,0
1558,0,1,0,1,208,1209,4,8
1559,1,1,0,1,127,790,1,9
1560,0,1,0,1,8,65,1,0
1561,0,1,0,0,1,0,0,0
1562,1,1,0,1,101,643,1,4
1563,1,1,0,1,285,1768,1,12
1564,0,1,0,1,45,224,1,1
1565,0,1,0,0,1,0,0,0
1566,1,1,0,0,1,0,0,0
1567,1,1,0,0,1,0,0,0
1568,0,1,0,0,1,0,0,0
1569,1,1,0,0,1,0,0,0
1570,0,1,0,0,1,0,0,0
1571,0,1,0,0,1,0,0,0
1572,0,1,0,0,1,0,0,0
1573,0,1,0,0,1,0,0,0
1574,1,1,0,0,1,0,0,0
1575,1,1,0,0,1,0,0,0
1576,0,1,0,1,7,45,1,3
1577,1,1,0,1,64,380,1,8
1578,0,1,0,1,112,655,1,12
1579,0,1,0,1,81,492,1,4
1580,1,0,0,0,1,0,0,0
1581,1,1,0,1,1,3,1,0
1582,1,1,0,1,184,1071,1,9
1583,1,1,0,0,1,0,0,0
1584,1,1,0,1,82,539,1,6
1585,1,1,0,0,1,0,0,0
1586,0,1,0,1,31,191,1,1
1587,0,1,0,1,16,90,1,0
1588,0,1,0,1,120,615,1,6
1589,0,1,0,0,1,0,0,0
1590,0,1,0,1,332,1849,1,14
1591,0,1,0,0,1,0,0,0
1592,0,1,0,1,9,44,1,2
1593,1,1,0,1,31,177,1,4
1594,0,1,0,1,41,233,1,6
1595,0,1,0,0,1,0,0,0
1596,0,1,0,0,1,0,0,0
1597,0,1,0,0,1,0,0,0
1598,1,1,0,0,1,0,0,0
1599,0,1,0,1,7,46,1,1
1600,0,1,0,1,112,691,10,12
1601,1,1,0,1,72,528,1,6
1602,0,1,0,1,46,248,1,1
1603,0,1,0,1,55,344,1,3
1604,0,1,0,1,113,659,1,7
1605,0,1,0,1,132,760,4,6
1606,1,1,0,0,1,0,0,0
1607,1,1,0,1,107,637,3,6
1608,0,1,0,0,1,0,0,0
1609,1,1,0,1,28,192,1,1
1610,1,1,0,1,312,1832,7,15
1611,1,1,0,1,108,639,2,6
1612,1,1,0,1,1,5,1,0
1613,1,1,0,1,86,485,1,4
1614,1,1,0,1,153,871,1,6
1615,1,1,0,0,1,0,0,0
1616,1,1,0,1,17,99,1,1
1617,1,1,0,0,1,0,0,0
1618,1,1,0,0,1,0,0,0
1619,1,1,0,1,2,1,1,0
1620,1,1,0,0,1,0,0,0
1621,1,1,0,0,1,0,0,0
1622,0,1,0,0,1,0,0,0
1623,0,1,0,1,134,764,1,5
1624,0,1,0,0,1,0,0,0
1625,0,1,0,1,11,62,1,1
1626,1,1,0,0,1,0,0,0
1627,1,1,0,1,203,1214,1,12
1628,0,1,0,0,1,0,0,0
1629,1,1,0,0,1,0,0,0
1630,1,1,0,1,43,249,3,7
1631,1,1,0,1,28,142,1,4
1632,1,1,0,1,21,139,3,5
1633,1,1,0,1,50,311,1,8
1634,1,1,0,1,15,67,1,0
1635,1,1,0,1,127,837,1,15
1636,1,1,0,1,63,384,1,7
1637,1,1,0,0,1,0,0,0
1638,1,1,0,0,1,0,0,0
1639,1,1,0,0,1,0,0,0
1640,1,1,0,0,1,0,0,0
1641,0,1,0,0,1,0,0,0
1642,0,1,0,1,144,922,2,10
1643,0,1,0,0,1,0,0,0
1644,0,1,0,0,1,0,0,0
1645,0,1,0,1,29,152,1,5
1646,0,1,0,1,16,101,1,2
1647,0,1,0,1,2,11,1,0
1648,0,1,0,1,48,264,1,2
1649,1,1,0,1,26,138,4,2
1650,1,1,0,1,193,1136,4,12
1651,1,1,0,1,15,100,1,1
1652,1,0,0,0,1,0,0,0
1653,1,0,0,0,1,0,0,0
1654,0,0,0,1,7,35,1,1
1655,0,0,0,0,1,0,0,0
1656,1,1,0,1,14,67,1,1
1657,1,1,0,1,20,121,1,1
1658,0,1,0,1,42,252,1,5
1659,0,1,0,1,22,129,1,2
1660,1,1,0,0,1,0,0,0
1661,1,1,0,1,150,834,5,10
1662,1,1,0,1,148,823,3,8
1663,1,1,0,1,206,1233,1,10
1664,1,1,0,1,124,749,1,8
1665,1,1,0,1,62,366,1,3
1666,1,1,0,1,10,47,1,1
1667,1,1,0,1,32,164,1,1
1668,0,1,0,1,131,714,4,5
1669,1,1,0,1,202,1145,1,8
1670,1,1,0,1,138,838,1,5
1671,0,1,0,0,1,0,0,0
1672,0,1,0,0,1,0,0,0
1673,1,1,0,0,1,0,0,0
1674,1,1,0,0,1,0,0,0
1675,1,1,0,0,1,0,0,0
1676,0,1,0,0,1,0,0,0
1677,0,1,0,1,80,481,3,6
1678,1,1,0,1,269,1514,6,15
1679,1,1,0,1,202,1148,1,15
1680,0,1,0,1,102,626,1,7
1681,0,1,0,1,110,660,1,6
1682,1,1,0,1,70,403,1,4
1683,1,1,0,1,96,636,1,7
1684,1,1,0,1,61,403,1,7
1685,0,1,0,0,1,0,0,0
1686,0,1,0,0,1,0,0,0
1687,0,1,0,0,1,0,0,0
1688,1,1,0,0,1,0,0,0
1689,1,1,0,1,23,118,1,1
1690,0,1,0,0,1,0,0,0
1691,0,1,0,0,1,0,0,0
1692,0,1,0,0,1,0,0,0
1693,0,1,0,1,68,371,3,2
1694,1,1,0,1,99,563,1,3
1695,1,1,0,1,235,1396,1,8
1696,1,1,0,1,58,342,1,3
1697,1,1,0,1,65,347,1,5
1698,0,1,0,0,1,0,0,0
1699,0,1,0,1,36,201,1,1
1700,1,1,0,0,1,0,0,0
1701,1,1,0,1,233,1428,1,14
1702,1,1,0,1,109,629,1,3
1703,1,1,0,1,117,719,2,3
1704,1,1,0,1,52,307,1,3
1705,1,1,0,0,1,0,0,0
1706,1,1,0,1,41,239,1,2
1707,1,1,0,0,1,0,0,0
1708,1,1,0,0,1,0,0,0
1709,1,1,0,0,1,0,0,0
1710,1,1,0,0,1,0,0,0
1711,0,1,0,1,46,274,2,3
1712,0,1,0,0,1,0,0,0
1713,0,1,0,0,1,0,0,0
1714,0,1,0,0,1,0,0,0
1715,0,1,0,1,130,887,3,10
1716,0,1,0,1,51,313,1,3
1717,0,1,0,1,91,597,1,7
1718,0,1,0,1,68,425,1,4
1719,0,0,0,0,1,0,0,0
1720,0,0,0,1,10,52,1,0
1721,0,1,0,1,156,929,1,7
1722,1,0,0,1,243,1494,1,10
1723,0,0,0,0,1,0,0,0
1724,1,1,0,1,246,1489,5,16
1725,1,1,0,1,105,559,4,7
1726,1,1,0,1,21,143,1,2
1727,1,1,0,1,66,342,1,3
1728,1,1,0,1,41,198,1,1
1729,1,1,0,0,1,0,0,0
1730,1,1,0,0,1,0,0,0
1731,1,1,0,1,50,263,1,2
1732,1,1,0,0,1,0,0,0
1733,1,1,0,1,44,232,1,3
1734,1,1,0,0,1,0,0,0
1735,0,0,0,0,1,0,0,0
1736,0,1,0,0,1,0,0,0
1737,0,1,0,0,1,0,0,0
1738,0,1,0,0,1,0,0,0
1739,0,1,0,0,1,0,0,0
1740,0,0,0,0,1,0,0,0
1741,0,1,0,1,6,39,1,1
1742,0,1,0,1,100,564,1,3
1743,0,1,0,1,310,1871,5,19
1744,0,1,0,1,49,290,1,3
1745,0,1,0,1,31,165,1,1
1746,1,1,0,1,18,104,1,1
1747,0,1,0,1,17,110,1,1
1748,1,1,0,1,23,121,1,1
1749,1,1,0,1,223,1242,6,20
1750,1,1,0,1,274,1580,4,14
1751,1,1,0,1,226,1280,1,11
1752,1,1,0,1,231,1265,1,16
1753,1,1,0,1,64,357,1,5
1754,1,1,0,1,50,303,1,3
1755,0,1,0,1,94,589,1,4
1756,0,1,0,1,1,8,1,0
1757,1,1,0,1,96,516,1,4
1758,1,1,0,1,38,200,1,1
1759,1,1,0,1,81,420,1,5
1760,1,1,0,1,56,320,1,2
1761,0,1,0,1,24,155,1,1
1762,1,1,0,1,94,550,1,7
1763,1,1,0,1,49,232,1,3
1764,1,1,0,1,65,358,1,3
1765,0,0,0,0,1,0,0,0
1766,1,1,0,1,42,233,1,1
1767,1,1,0,0,1,0,0,0
1768,0,0,0,0,1,0,0,0
1769,1,1,0,1,86,1421,4,21
1770,0,1,0,0,1,0,0,0
1771,0,1,0,0,1,0,0,0
1772,0,1,0,0,1,0,0,0
1773,0,1,0,0,1,0,0,0
1774,1,1,0,1,63,357,1,4
1775,1,1,0,1,53,288,1,2
1776,1,1,0,1,67,329,1,2
1777,1,1,0,1,79,430,1,7
1778,0,1,0,1,57,458,4,4
1779,1,1,0,1,124,701,3,4
1780,1,1,0,1,49,293,1,2
1781,1,1,0,1,109,629,1,7
1782,0,1,0,0,1,0,0,0
1783,0,0,0,0,1,0,0,0
1784,0,0,0,1,11,103,1,1
1785,0,1,0,0,1,0,0,0
1786,0,1,0,1,44,283,1,1
1787,0,1,0,1,108,580,4,12
1788,0,1,0,1,138,787,1,13
1789,0,1,0,1,127,696,3,7
1790,1,1,0,1,62,381,1,2
1791,0,1,0,1,157,954,4,4
1792,0,1,0,1,184,1073,5,13
1793,0,1,0,1,160,929,1,10
1794,1,1,0,1,39,311,3,3
1795,0,1,0,1,7,39,1,3
1796,1,1,0,1,71,434,1,6
1797,1,1,0,1,129,724,1,7
1798,1,1,0,1,67,444,1,3
1799,1,1,0,1,64,404,1,6
1800,1,1,0,1,89,581,1,5
1801,1,1,0,1,114,711,1,6
1802,1,1,0,1,64,362,1,3
1803,1,1,0,1,27,193,1,1
1804,1,1,0,1,89,522,1,3
1805,1,1,0,1,49,258,1,2
1806,0,1,0,1,82,450,2,5
1807,0,1,0,0,1,0,0,0
1808,1,1,0,1,31,169,2,2
1809,1,1,0,1,80,464,4,3
1810,1,1,0,1,21,129,1,1
1811,1,1,0,1,71,407,1,6
1812,1,1,0,1,47,285,1,1
1813,1,1,0,1,51,324,1,2
1814,1,1,0,0,1,0,0,0
1815,1,1,0,1,140,925,6,16
1816,1,1,0,0,1,0,0,0
1817,1,1,0,1,264,1582,1,11
1818,1,1,0,1,34,227,1,8
1819,1,1,0,1,23,153,1,1
1820,0,1,0,1,15,113,1,1
1821,1,1,0,1,405,2209,17,20
1822,1,1,0,1,265,1718,6,18
1823,1,1,0,1,66,356,1,3
1824,1,1,0,0,1,0,0,0
1825,1,1,0,1,277,1971,11,10
1826,1,1,0,1,95,614,2,5
1827,1,1,0,1,86,497,1,5
1828,1,1,0,1,60,316,1,3
1829,1,1,0,1,93,516,5,3
1830,1,1,0,1,218,1182,1,15
1831,1,1,0,1,227,1284,1,14
1832,1,1,0,1,61,347,1,1
1833,1,1,0,0,1,0,0,0
1834,1,1,0,1,5,31,1,1
1835,1,1,0,1,30,148,1,1
1836,1,1,0,1,22,124,1,2
1837,1,1,0,1,50,290,1,2
1838,1,1,0,1,7,29,1,1
1839,1,1,0,1,9,36,1,1
1840,0,1,0,0,1,0,0,0
1841,0,1,0,1,59,294,1,3
1842,1,1,0,0,1,0,0,0
1843,1,1,0,0,1,0,0,0
1844,1,1,0,1,113,706,3,15
1845,1,1,0,1,55,332,1,5
1846,1,1,0,1,45,277,1,2
1847,1,1,0,1,128,750,1,8
1848,1,1,0,0,1,0,0,0
1849,1,1,0,0,1,0,0,0
1850,1,1,0,0,1,0,0,0
1851,1,1,0,0,1,0,0,0
1852,1,1,0,0,1,0,0,0
1853,1,1,0,0,1,0,0,0
1854,1,1,0,0,1,0,0,0
1855,0,1,0,1,52,318,3,2
1856,0,1,0,1,26,171,2,0
1857,0,1,0,1,45,282,1,5
1858,1,1,0,1,119,739,1,13
1859,1,1,0,1,145,856,1,9
1860,1,1,0,1,31,183,2,2
1861,1,1,0,1,66,397,2,6
1862,1,1,0,1,92,522,2,3
1863,1,1,0,1,34,211,2,4
1864,1,1,0,1,90,515,2,4
1865,0,1,0,1,153,820,3,9
1866,0,1,0,1,85,496,1,5
1867,1,1,0,1,143,795,1,8
1868,1,1,0,1,172,904,1,13
1869,0,1,0,1,15,81,1,1
1870,0,1,0,1,13,88,2,2
1871,0,1,0,1,25,122,1,2
1872,0,1,0,1,24,139,1,2
1873,0,1,0,1,159,976,1,8
1874,1,1,0,1,6,31,1,0
1875,1,1,0,0,1,0,0,0
1876,0,1,0,0,1,0,0,0
1877,1,1,0,1,7,32,1,0
1878,1,1,0,1,17,91,1,2
1879,1,1,0,0,1,0,0,0
1880,1,1,0,0,1,0,0,0
1881,1,1,0,0,1,0,0,0
1882,1,1,0,1,44,248,1,1
1883,1,1,0,1,2,14,1,3
1884,1,1,0,0,1,0,0,0
1885,1,1,0,1,35,202,1,3
1886,1,1,0,1,26,143,1,1
1887,1,1,0,1,88,519,1,6
1888,1,1,0,0,1,0,0,0
1889,1,1,0,0,1,0,0,0
1890,1,1,0,1,259,1646,1,15
1891,1,1,0,0,1,0,0,0
1892,0,1,0,0,1,0,0,0
1893,0,1,0,0,1,0,0,0
1894,1,1,0,1,199,1161,3,20
1895,1,1,0,1,201,1120,4,12
1896,1,1,0,1,192,1051,3,10
1897,1,1,0,1,206,1157,4,11
1898,1,1,0,1,234,1393,6,16
1899,1,1,0,1,169,1003,4,9
1900,1,1,0,0,1,0,0,0
1901,1,1,0,0,1,0,0,0
1902,1,1,0,1,223,1298,2,16
1903,1,1,0,1,247,1418,3,16
1904,0,1,0,0,1,0,0,0
1905,0,1,0,1,24,192,1,7
1906,1,1,0,1,40,206,1,5
1907,1,1,0,1,181,1104,1,8
1908,1,1,0,1,45,253,1,4
1909,1,1,0,1,17,89,1,1
1910,1,1,0,1,25,135,1,1
1911,1,1,0,0,1,0,0,0
1912,1,1,0,1,57,300,1,3
1913,1,1,0,0,1,0,0,0
1914,1,1,0,0,1,0,0,0
1915,1,1,0,1,165,790,3,10
1916,1,1,0,1,98,582,2,8
1917,0,1,0,1,124,692,1,9
1918,1,1,0,0,1,0,0,0
1919,0,1,0,1,66,381,1,4
1920,0,1,0,1,47,245,1,5
1921,0,1,0,1,119,681,1,11
1922,1,1,0,0,1,0,0,0
1923,1,1,0,1,27,182,1,1
1924,1,1,0,1,121,744,1,8
1925,1,1,0,1,21,148,1,1
1926,1,1,0,1,45,249,1,5
1927,0,1,0,1,27,159,1,1
1928,0,1,0,1,227,1277,1,11
1929,0,1,0,1,5,33,1,1
1930,1,1,0,1,39,192,1,1
1931,1,1,0,1,103,588,1,6
1932,1,1,0,1,90,546,1,2
1933,1,1,0,1,85,473,1,12
1934,1,1,0,1,70,427,3,4
1935,1,1,0,1,5,28,1,1
1936,0,1,0,1,137,791,1,6
1937,1,1,0,0,1,0,0,0
1938,1,1,0,0,1,0,0,0
1939,0,1,0,1,36,207,1,3
1940,1,1,0,0,1,0,0,0
1941,1,1,0,1,26,127,1,1
1942,0,1,0,1,36,219,1,3
1943,0,1,0,1,26,144,1,3
1944,1,1,0,1,26,146,1,1
1945,1,1,0,1,43,249,1,3
1946,0,1,0,1,49,250,1,2
1947,1,1,0,1,208,1234,4,10
1948,1,1,0,1,140,809,3,4
1949,1,1,0,1,131,781,1,5
1950,1,1,0,1,97,558,1,2
1951,1,1,0,1,96,555,1,4
1952,1,1,0,1,172,955,1,7
1953,1,1,0,1,118,672,1,7
1954,1,1,0,1,293,1819,1,7
1955,1,1,0,1,40,253,1,3
1956,0,1,0,1,24,151,1,1
1957,1,1,0,1,71,442,2,4
1958,1,1,0,1,52,317,1,3
1959,1,1,0,1,204,1260,4,10
1960,1,1,0,1,293,1767,5,18
1961,1,1,0,1,228,1361,1,12
1962,1,1,0,1,42,220,1,1
1963,1,1,0,1,47,262,1,4
1964,1,1,0,1,35,181,1,1
1965,1,1,0,1,33,198,1,3
1966,1,1,0,1,24,140,1,2
1967,1,1,0,1,21,121,1,2
1968,1,1,0,1,26,185,1,1
1969,1,1,0,1,56,332,1,3
1970,0,1,0,1,29,203,1,3
1971,1,1,0,1,29,123,1,2
1972,1,1,0,1,72,425,1,3
1973,0,1,0,1,85,490,1,4
1974,1,1,0,1,119,639,1,5
1975,0,1,0,0,1,0,0,0
1976,0,1,0,1,476,2667,1,19
1977,1,1,0,0,1,0,0,0
1978,0,1,0,0,1,0,0,0
1979,0,1,0,0,1,0,0,0
1980,0,1,0,1,74,437,1,4
1981,1,1,0,1,41,239,1,4
1982,1,1,0,1,81,461,1,2
1983,1,1,0,1,79,460,1,4
1984,0,1,0,1,44,264,1,4
1985,1,1,0,1,21,121,1,2
1986,0,1,0,0,1,0,0,0
1987,1,1,0,1,7,34,1,0
1988,1,1,0,1,21,110,1,4
1989,1,1,0,1,26,139,1,4
1990,1,1,0,1,100,588,1,7
1991,1,1,0,1,21,100,1,2
1992,1,1,0,0,1,0,0,0
1993,1,1,0,0,1,0,0,0
1994,1,1,0,0,1,0,0,0
1995,1,1,0,0,1,0,0,0
1996,1,1,0,0,1,0,0,0
1997,1,1,0,0,1,0,0,0
1998,1,1,0,1,28,137,3,5
1999,1,1,0,1,63,327,2,6
2000,1,1,0,1,37,185,1,1
2001,1,1,0,1,68,368,1,2
2002,0,1,0,1,63,373,1,2
2003,1,1,0,1,146,795,4,8
2004,1,1,0,1,102,582,2,6
2005,1,1,0,1,66,373,1,2
2006,0,1,0,1,412,2448,1,20
2007,1,1,0,1,208,1100,2,11
2008,1,1,0,1,139,779,1,6
2009,1,1,0,0,1,0,0,0
2010,1,1,0,1,224,1185,1,8
2011,1,1,0,1,104,740,5,4
2012,1,1,0,1,4,33,1,1
2013,1,1,0,1,51,281,1,2
2014,1,1,0,1,60,367,1,2
2015,1,1,0,1,110,675,1,8
2016,1,1,0,0,1,0,0,0
2017,1,1,0,0,1,0,0,0
2018,1,1,0,0,1,0,0,0
2019,1,1,0,0,1,0,0,0
2020,1,1,0,0,1,0,0,0
2021,1,1,0,0,1,0,0,0
2022,1,1,0,0,1,0,0,0
2023,1,1,0,1,3,15,1,1
2024,1,1,0,1,43,235,1,3
2025,1,1,0,1,66,334,1,3
2026,1,1,0,1,69,415,1,4
2027,0,1,0,1,31,164,1,1
2028,1,0,0,0,1,0,0,0
2029,1,1,0,0,1,0,0,0
2030,1,0,0,0,1,0,0,0
2031,1,0,0,0,1,0,0,0
2032,1,0,0,0,1,0,0,0
2033,1,0,0,0,1,0,0,0
2034,0,1,0,0,1,0,0,0
2035,1,1,0,1,23,125,1,2
2036,0,1,0,1,100,543,2,5
2037,1,1,0,1,5,26,1,0
2038,1,1,0,1,17,87,1,2
2039,0,1,0,1,31,172,1,2
2040,1,1,0,1,63,415,1,3
2041,1,1,0,1,93,526,1,4
2042,1,1,0,0,1,0,0,0
2043,1,1,0,0,1,0,0,0
2044,1,1,0,0,1,0,0,0
2045,0,1,0,0,1,0,0,0
2046,1,1,0,0,1,0,0,0
2047,0,1,0,0,1,0,0,0
2048,0,1,0,0,1,0,0,0
2049,1,1,0,0,1,0,0,0
2050,1,1,0,0,1,0,0,0
2051,1,0,0,1,79,445,5,3
2052,1,1,0,0,1,0,0,0
2053,1,1,0,1,54,325,1,2
2054,1,1,0,1,83,494,1,3
2055,1,0,0,0,1,0,0,0
2056,1,1,0,0,1,0,0,0
2057,0,1,0,0,1,0,0,0
2058,1,1,0,1,79,422,1,4
2059,1,1,0,1,9,62,1,4
2060,0,1,0,1,11,72,1,0
2061,1,1,0,1,26,157,1,1
2062,1,1,0,1,13,76,1,1
2063,1,1,0,1,3,21,1,3
2064,1,0,0,1,4,24,1,3
2065,1,1,0,1,16,83,1,4
2066,1,1,0,0,1,0,0,0
2067,1,1,0,0,1,0,0,0
2068,1,1,0,1,73,403,1,2
2069,1,1,0,1,167,923,1,7
2070,1,1,0,1,41,220,2,3
2071,1,1,0,1,121,631,3,6
2072,1,1,0,0,1,0,0,0
2073,1,1,0,1,56,352,1,3
2074,1,1,0,1,108,671,1,6
2075,1,1,0,0,1,0,0,0
2076,1,1,0,0,1,0,0,0
2077,0,1,0,1,9,43,1,0
2078,0,1,0,0,1,0,0,0
2079,0,1,0,0,1,0,0,0
2080,0,1,0,0,1,0,0,0
2081,0,1,0,1,91,481,1,4
2082,1,1,0,1,41,211,1,1
2083,1,1,0,1,11,67,1,0
2084,1,1,0,1,253,1396,5,14
2085,0,1,0,1,203,1281,5,12
2086,1,1,0,1,7,47,1,1
2087,1,1,0,1,8,51,1,1
2088,1,1,0,1,25,146,1,1
2089,1,1,0,1,433,1009,1,8
2090,1,1,0,1,16,96,1,1
2091,1,1,0,1,220,1282,1,9
2092,1,1,0,1,25,140,1,1
2093,1,1,0,1,23,119,1,2
2094,1,1,0,1,39,259,1,2
2095,1,1,0,1,11,68,1,1
2096,1,1,0,1,38,212,1,2
2097,1,1,0,1,24,142,1,1
2098,1,1,0,1,27,148,1,1
2099,1,1,0,1,41,237,1,4
2100,1,1,0,1,36,217,1,2
2101,1,1,0,1,23,131,1,2
2102,0,1,0,0,1,0,0,0
2103,1,1,0,1,239,1446,5,6
2104,0,1,0,1,156,891,1,13
2105,1,1,0,1,18,93,1,1
2106,1,1,0,1,59,346,1,2
2107,1,1,0,1,30,156,1,1
2108,1,1,0,1,7,26,1,3
2109,1,1,0,1,1,7,1,0
2110,0,1,0,1,43,233,1,3
2111,0,1,0,0,1,0,0,0
2112,0,1,0,1,60,330,1,4
2113,1,1,0,1,280,1681,7,11
2114,1,1,0,1,14,86,3,2
2115,1,0,0,1,46,242,1,4
2116,1,1,0,0,1,0,0,0
2117,1,1,0,1,33,199,1,1
2118,1,1,0,0,1,0,0,0
2119,1,1,0,1,147,872,2,8
2120,1,1,0,1,20,118,1,1
2121,1,1,0,1,21,116,3,3
2122,1,1,0,0,1,0,0,0
