,Writer Name,Consecutive Donor,Consecutive Wins,Consecutive Part,Current Donor,Part Years,Win Years,Donor Years
0,Nicaless,1,1,1,0,[2014],[2014],[2014]
1,Rachel B. Moore,8,8,10,1,"[2005, 2006, 2007, 2008, 2009, 2010, 2011, 2012, 2013, 2014]","[2005, 2006, 2007, 2008, 2009, 2010, 2011, 2014]","[2007, 2008, 2009, 2010, 2011, 2012, 2013, 2014]"
2,abookishbabe,0,0,0,1,[],[],[]
3,alexabexis,7,7,11,1,"[2004, 2005, 2006, 2007, 2008, 2009, 2010, 2011, 2012, 2013, 2014]","[2004, 2005, 2008, 2011, 2012, 2013, 2014]","[2007, 2008, 2009, 2011, 2012, 2013, 2014]"
4,AllYellowFlowers,0,0,2,0,"[2012, 2014]",[],[]
5,animalrza,0,0,3,0,"[2012, 2013, 2014]",[],[]
6,Cafenuit,0,0,0,1,[],[],[]
7,Carmelon,0,0,0,0,[],[],[]
8,carozy,0,0,1,0,[2012],[],[]
9,chrisk0,4,4,4,1,"[2011, 2012, 2013, 2014]","[2011, 2012, 2013, 2014]","[2011, 2012, 2013, 2014]"
10,ComeOnAndWriteThisNovel,0,0,1,0,[2014],[],[]
11,cretsi,5,5,5,1,"[2010, 2011, 2012, 2013, 2014]","[2010, 2011, 2012, 2013, 2014]","[2010, 2011, 2012, 2013, 2014]"
12,dazart,0,0,0,0,[],[],[]
13,dgiuliani,1,2,2,0,"[2010, 2013]","[2010, 2013]",[2013]
14,FaerieRogue,0,0,0,0,[],[],[]
15,fallingleaf,1,6,7,0,"[2008, 2009, 2010, 2011, 2012, 2013, 2014]","[2008, 2009, 2010, 2011, 2013, 2014]",[2010]
16,FeliciaFredlund,4,2,4,1,"[2011, 2012, 2013, 2014]","[2011, 2012]","[2011, 2012, 2013, 2014]"
17,grenouille,0,6,6,0,"[2009, 2010, 2011, 2012, 2013, 2014]","[2009, 2010, 2011, 2012, 2013, 2014]",[]
18,hbt003,0,0,11,1,"[2001, 2003, 2004, 2007, 2008, 2009, 2010, 2011, 2012, 2013, 2014]",[],[]
19,imtrisprior,0,0,1,0,[2014],[],[]
20,Jamesalicious,2,2,4,0,"[2004, 2011, 2013, 2014]","[2013, 2014]","[2013, 2014]"
21,Jen Gambale,0,2,3,0,"[2012, 2013, 2014]","[2012, 2013]",[]
22,K. R. Smith,0,1,3,0,"[2009, 2013, 2014]",[2013],[]
23,Kelvarus,3,3,5,0,"[2009, 2010, 2011, 2012, 2013]","[2009, 2010, 2012]","[2009, 2011, 2012]"
24,khmore,4,6,6,0,"[2009, 2010, 2011, 2012, 2013, 2014]","[2009, 2010, 2011, 2012, 2013, 2014]","[2009, 2010, 2012, 2014]"
25,kp17,0,0,0,0,[],[],[]
26,kristenrudd,4,5,8,1,"[2004, 2007, 2009, 2010, 2011, 2012, 2013, 2014]","[2009, 2011, 2012, 2013, 2014]","[2009, 2011, 2013, 2014]"
27,lavenderblue,6,6,6,1,"[2009, 2010, 2011, 2012, 2013, 2014]","[2009, 2010, 2011, 2012, 2013, 2014]","[2009, 2010, 2011, 2012, 2013, 2014]"
28,Liberate,48,32,64,0,"[2011, 2012, 2013, 2014, 2011, 2012, 2013, 2014, 2011, 2012, 2013, 2014, 2011, 2012, 2013, 2014, 2011, 2012, 2013, 2014, 2011, 2012, 2013, 2014, 2011, 2012, 2013, 2014, 2011, 2012, 2013, 2014, 2011, 2012, 2013, 2014, 2011, 2012, 2013, 2014, 2011, 2012, 2013, 2014, 2011, 2012, 2013, 2014, 2011, 2012, 2013, 2014, 2011, 2012, 2013, 2014, 2011, 2012, 2013, 2014, 2011, 2012, 2013, 2014]","[2012, 2013, 2012, 2013, 2012, 2013, 2012, 2013, 2012, 2013, 2012, 2013, 2012, 2013, 2012, 2013, 2012, 2013, 2012, 2013, 2012, 2013, 2012, 2013, 2012, 2013, 2012, 2013, 2012, 2013, 2012, 2013]","[2012, 2013, 2014, 2012, 2013, 2014, 2012, 2013, 2014, 2012, 2013, 2014, 2012, 2013, 2014, 2012, 2013, 2014, 2012, 2013, 2014, 2012, 2013, 2014, 2012, 2013, 2014, 2012, 2013, 2014, 2012, 2013, 2014, 2012, 2013, 2014, 2012, 2013, 2014, 2012, 2013, 2014, 2012, 2013, 2014, 2012, 2013, 2014]"
29,Liberate,48,32,64,0,"[2011, 2012, 2013, 2014, 2011, 2012, 2013, 2014, 2011, 2012, 2013, 2014, 2011, 2012, 2013, 2014, 2011, 2012, 2013, 2014, 2011, 2012, 2013, 2014, 2011, 2012, 2013, 2014, 2011, 2012, 2013, 2014, 2011, 2012, 2013, 2014, 2011, 2012, 2013, 2014, 2011, 2012, 2013, 2014, 2011, 2012, 2013, 2014, 2011, 2012, 2013, 2014, 2011, 2012, 2013, 2014, 2011, 2012, 2013, 2014, 2011, 2012, 2013, 2014]","[2012, 2013, 2012, 2013, 2012, 2013, 2012, 2013, 2012, 2013, 2012, 2013, 2012, 2013, 2012, 2013, 2012, 2013, 2012, 2013, 2012, 2013, 2012, 2013, 2012, 2013, 2012, 2013, 2012, 2013, 2012, 2013]","[2012, 2013, 2014, 2012, 2013, 2014, 2012, 2013, 2014, 2012, 2013, 2014, 2012, 2013, 2014, 2012, 2013, 2014, 2012, 2013, 2014, 2012, 2013, 2014, 2012, 2013, 2014, 2012, 2013, 2014, 2012, 2013, 2014, 2012, 2013, 2014, 2012, 2013, 2014, 2012, 2013, 2014, 2012, 2013, 2014, 2012, 2013, 2014]"
30,Liberate,48,32,64,0,"[2011, 2012, 2013, 2014, 2011, 2012, 2013, 2014, 2011, 2012, 2013, 2014, 2011, 2012, 2013, 2014, 2011, 2012, 2013, 2014, 2011, 2012, 2013, 2014, 2011, 2012, 2013, 2014, 2011, 2012, 2013, 2014, 2011, 2012, 2013, 2014, 2011, 2012, 2013, 2014, 2011, 2012, 2013, 2014, 2011, 2012, 2013, 2014, 2011, 2012, 2013, 2014, 2011, 2012, 2013, 2014, 2011, 2012, 2013, 2014, 2011, 2012, 2013, 2014]","[2012, 2013, 2012, 2013, 2012, 2013, 2012, 2013, 2012, 2013, 2012, 2013, 2012, 2013, 2012, 2013, 2012, 2013, 2012, 2013, 2012, 2013, 2012, 2013, 2012, 2013, 2012, 2013, 2012, 2013, 2012, 2013]","[2012, 2013, 2014, 2012, 2013, 2014, 2012, 2013, 2014, 2012, 2013, 2014, 2012, 2013, 2014, 2012, 2013, 2014, 2012, 2013, 2014, 2012, 2013, 2014, 2012, 2013, 2014, 2012, 2013, 2014, 2012, 2013, 2014, 2012, 2013, 2014, 2012, 2013, 2014, 2012, 2013, 2014, 2012, 2013, 2014, 2012, 2013, 2014]"
31,Liberate,48,32,64,0,"[2011, 2012, 2013, 2014, 2011, 2012, 2013, 2014, 2011, 2012, 2013, 2014, 2011, 2012, 2013, 2014, 2011, 2012, 2013, 2014, 2011, 2012, 2013, 2014, 2011, 2012, 2013, 2014, 2011, 2012, 2013, 2014, 2011, 2012, 2013, 2014, 2011, 2012, 2013, 2014, 2011, 2012, 2013, 2014, 2011, 2012, 2013, 2014, 2011, 2012, 2013, 2014, 2011, 2012, 2013, 2014, 2011, 2012, 2013, 2014, 2011, 2012, 2013, 2014]","[2012, 2013, 2012, 2013, 2012, 2013, 2012, 2013, 2012, 2013, 2012, 2013, 2012, 2013, 2012, 2013, 2012, 2013, 2012, 2013, 2012, 2013, 2012, 2013, 2012, 2013, 2012, 2013, 2012, 2013, 2012, 2013]","[2012, 2013, 2014, 2012, 2013, 2014, 2012, 2013, 2014, 2012, 2013, 2014, 2012, 2013, 2014, 2012, 2013, 2014, 2012, 2013, 2014, 2012, 2013, 2014, 2012, 2013, 2014, 2012, 2013, 2014, 2012, 2013, 2014, 2012, 2013, 2014, 2012, 2013, 2014, 2012, 2013, 2014, 2012, 2013, 2014, 2012, 2013, 2014]"
32,Liberate,48,32,64,0,"[2011, 2012, 2013, 2014, 2011, 2012, 2013, 2014, 2011, 2012, 2013, 2014, 2011, 2012, 2013, 2014, 2011, 2012, 2013, 2014, 2011, 2012, 2013, 2014, 2011, 2012, 2013, 2014, 2011, 2012, 2013, 2014, 2011, 2012, 2013, 2014, 2011, 2012, 2013, 2014, 2011, 2012, 2013, 2014, 2011, 2012, 2013, 2014, 2011, 2012, 2013, 2014, 2011, 2012, 2013, 2014, 2011, 2012, 2013, 2014, 2011, 2012, 2013, 2014]","[2012, 2013, 2012, 2013, 2012, 2013, 2012, 2013, 2012, 2013, 2012, 2013, 2012, 2013, 2012, 2013, 2012, 2013, 2012, 2013, 2012, 2013, 2012, 2013, 2012, 2013, 2012, 2013, 2012, 2013, 2012, 2013]","[2012, 2013, 2014, 2012, 2013, 2014, 2012, 2013, 2014, 2012, 2013, 2014, 2012, 2013, 2014, 2012, 2013, 2014, 2012, 2013, 2014, 2012, 2013, 2014, 2012, 2013, 2014, 2012, 2013, 2014, 2012, 2013, 2014, 2012, 2013, 2014, 2012, 2013, 2014, 2012, 2013, 2014, 2012, 2013, 2014, 2012, 2013, 2014]"
33,Liberate,48,32,64,0,"[2011, 2012, 2013, 2014, 2011, 2012, 2013, 2014, 2011, 2012, 2013, 2014, 2011, 2012, 2013, 2014, 2011, 2012, 2013, 2014, 2011, 2012, 2013, 2014, 2011, 2012, 2013, 2014, 2011, 2012, 2013, 2014, 2011, 2012, 2013, 2014, 2011, 2012, 2013, 2014, 2011, 2012, 2013, 2014, 2011, 2012, 2013, 2014, 2011, 2012, 2013, 2014, 2011, 2012, 2013, 2014, 2011, 2012, 2013, 2014, 2011, 2012, 2013, 2014]","[2012, 2013, 2012, 2013, 2012, 2013, 2012, 2013, 2012, 2013, 2012, 2013, 2012, 2013, 2012, 2013, 2012, 2013, 2012, 2013, 2012, 2013, 2012, 2013, 2012, 2013, 2012, 2013, 2012, 2013, 2012, 2013]","[2012, 2013, 2014, 2012, 2013, 2014, 2012, 2013, 2014, 2012, 2013, 2014, 2012, 2013, 2014, 2012, 2013, 2014, 2012, 2013, 2014, 2012, 2013, 2014, 2012, 2013, 2014, 2012, 2013, 2014, 2012, 2013, 2014, 2012, 2013, 2014, 2012, 2013, 2014, 2012, 2013, 2014, 2012, 2013, 2014, 2012, 2013, 2014]"
34,Liberate,48,32,64,0,"[2011, 2012, 2013, 2014, 2011, 2012, 2013, 2014, 2011, 2012, 2013, 2014, 2011, 2012, 2013, 2014, 2011, 2012, 2013, 2014, 2011, 2012, 2013, 2014, 2011, 2012, 2013, 2014, 2011, 2012, 2013, 2014, 2011, 2012, 2013, 2014, 2011, 2012, 2013, 2014, 2011, 2012, 2013, 2014, 2011, 2012, 2013, 2014, 2011, 2012, 2013, 2014, 2011, 2012, 2013, 2014, 2011, 2012, 2013, 2014, 2011, 2012, 2013, 2014]","[2012, 2013, 2012, 2013, 2012, 2013, 2012, 2013, 2012, 2013, 2012, 2013, 2012, 2013, 2012, 2013, 2012, 2013, 2012, 2013, 2012, 2013, 2012, 2013, 2012, 2013, 2012, 2013, 2012, 2013, 2012, 2013]","[2012, 2013, 2014, 2012, 2013, 2014, 2012, 2013, 2014, 2012, 2013, 2014, 2012, 2013, 2014, 2012, 2013, 2014, 2012, 2013, 2014, 2012, 2013, 2014, 2012, 2013, 2014, 2012, 2013, 2014, 2012, 2013, 2014, 2012, 2013, 2014, 2012, 2013, 2014, 2012, 2013, 2014, 2012, 2013, 2014, 2012, 2013, 2014]"
35,Liberate,48,32,64,0,"[2011, 2012, 2013, 2014, 2011, 2012, 2013, 2014, 2011, 2012, 2013, 2014, 2011, 2012, 2013, 2014, 2011, 2012, 2013, 2014, 2011, 2012, 2013, 2014, 2011, 2012, 2013, 2014, 2011, 2012, 2013, 2014, 2011, 2012, 2013, 2014, 2011, 2012, 2013, 2014, 2011, 2012, 2013, 2014, 2011, 2012, 2013, 2014, 2011, 2012, 2013, 2014, 2011, 2012, 2013, 2014, 2011, 2012, 2013, 2014, 2011, 2012, 2013, 2014]","[2012, 2013, 2012, 2013, 2012, 2013, 2012, 2013, 2012, 2013, 2012, 2013, 2012, 2013, 2012, 2013, 2012, 2013, 2012, 2013, 2012, 2013, 2012, 2013, 2012, 2013, 2012, 2013, 2012, 2013, 2012, 2013]","[2012, 2013, 2014, 2012, 2013, 2014, 2012, 2013, 2014, 2012, 2013, 2014, 2012, 2013, 2014, 2012, 2013, 2014, 2012, 2013, 2014, 2012, 2013, 2014, 2012, 2013, 2014, 2012, 2013, 2014, 2012, 2013, 2014, 2012, 2013, 2014, 2012, 2013, 2014, 2012, 2013, 2014, 2012, 2013, 2014, 2012, 2013, 2014]"
36,liteindigold,0,0,0,1,[],[],[]
37,Lunar Daddy,0,0,0,0,[],[],[]
38,MamaHen40,0,0,0,0,[],[],[]
39,MermaidMaddie,1,2,2,0,"[2013, 2014]","[2013, 2014]",[2013]
40,motherless child,0,0,0,1,[],[],[]
41,nelle81,0,0,0,0,[],[],[]
42,nemodos,3,3,4,0,"[2011, 2012, 2013, 2014]","[2011, 2013, 2014]","[2011, 2013, 2014]"
43,nicole1967,0,0,0,0,[],[],[]
44,Rebecca Stern,2,1,2,0,"[2013, 2014]",[2014],"[2013, 2014]"
45,rienkarrot,0,3,3,0,"[2012, 2013, 2014]","[2012, 2013, 2014]",[]
46,s.writes56,1,0,1,0,[2014],[],[2014]
47,schappy,0,0,0,0,[],[],[]
48,Shaun Parker,0,0,1,0,[2014],[],[]
49,sninkychan,3,6,11,1,"[2004, 2005, 2006, 2007, 2008, 2009, 2010, 2011, 2012, 2013, 2014]","[2008, 2009, 2010, 2011, 2012, 2014]","[2007, 2013, 2014]"
50,SquirrelScribe,0,0,0,1,[],[],[]
51,UltraCelestial,0,1,1,0,[2014],[2014],[]
52,unagicat,3,3,3,1,"[2012, 2013, 2014]","[2012, 2013, 2014]","[2012, 2013, 2014]"
53,Uriel238,1,0,3,0,"[2011, 2012, 2014]",[],[2011]
54,ValkyrieKS,0,3,4,1,"[2011, 2012, 2013, 2014]","[2011, 2013, 2014]",[]
55,Vehka,0,6,9,0,"[2006, 2007, 2008, 2009, 2010, 2011, 2012, 2013, 2014]","[2006, 2007, 2008, 2009, 2010, 2012]",[]
56,honeywell,0,1,9,0,"[2006, 2007, 2008, 2009, 2010, 2011, 2012, 2013, 2014]",[2012],[]
57,Allioup,0,0,1,0,[2012],[],[]
58,amelia.marshall,1,1,2,0,"[2011, 2012]",[2012],[2012]
59,AngerAndAgony,0,0,0,0,[],[],[]
60,Aralonia,2,4,5,0,"[2010, 2011, 2012, 2013, 2014]","[2010, 2011, 2013, 2014]","[2011, 2013]"
61,bexdragon,4,4,4,1,"[2011, 2012, 2013, 2014]","[2011, 2012, 2013, 2014]","[2011, 2012, 2013, 2014]"
62,Bustella,0,0,0,0,[],[],[]
63,Crodentia,1,1,1,1,[2014],[2014],[2014]
64,DarylDarko,0,3,5,0,"[2010, 2011, 2012, 2013, 2014]","[2011, 2012, 2014]",[]
65,Derek Wallace,0,0,2,0,"[2012, 2013]",[],[]
66,dkdailey,1,2,2,0,"[2013, 2014]","[2013, 2014]",[2013]
67,ebonstorm,0,0,1,0,[2011],[],[]
68,EllenMulholland,0,0,0,0,[],[],[]
69,escabatum_rip3,0,0,2,1,"[2012, 2014]",[],[]
70,ethibeaux,0,0,1,0,[2014],[],[]
71,fiegellan,0,1,2,0,"[2013, 2014]",[2013],[]
72,fireun,0,0,0,0,[],[],[]
73,G.M. Luna,0,0,2,0,"[2000, 2014]",[],[]
74,Grant Faulkner,3,3,4,1,"[2011, 2012, 2013, 2014]","[2012, 2013, 2014]","[2011, 2013, 2014]"
75,greenphoenixrain,4,5,5,0,"[2010, 2011, 2012, 2013, 2014]","[2010, 2011, 2012, 2013, 2014]","[2010, 2012, 2013, 2014]"
76,hsparks,0,0,0,0,[],[],[]
77,Ixy-Pixy,4,4,12,0,"[2003, 2004, 2005, 2006, 2007, 2008, 2009, 2010, 2011, 2012, 2013, 2014]","[2011, 2012, 2013, 2014]","[2006, 2007, 2008, 2009]"
78,jjfid,2,1,4,1,"[2007, 2008, 2009, 2014]",[2007],"[2009, 2014]"
79,jodimt,4,3,4,1,"[2011, 2012, 2013, 2014]","[2012, 2013, 2014]","[2011, 2012, 2013, 2014]"
80,jonbritton,0,0,1,0,[2013],[],[]
81,J_Hill,0,0,1,0,[2011],[],[]
82,laceywilson,0,0,0,0,[],[],[]
83,Laconic Lad,0,0,1,0,[2014],[],[]
84,lassen86,0,0,0,0,[],[],[]
85,lenichi,0,1,1,0,[2014],[2014],[]
86,LetterpressLibrarian,1,1,1,1,[2014],[2014],[2014]
87,lil bone,3,3,4,0,"[2010, 2011, 2012, 2013]","[2010, 2011, 2012]","[2010, 2011, 2012]"
88,lokelani86,1,4,4,0,"[2011, 2012, 2013, 2014]","[2011, 2012, 2013, 2014]",[2014]
89,Mancha,1,1,3,1,"[2012, 2013, 2014]",[2013],[2013]
90,MKent1,0,0,0,0,[],[],[]
91,MusicalMe,0,0,1,1,[2012],[],[]
92,mwalker,6,8,8,1,"[2005, 2006, 2008, 2010, 2011, 2012, 2013, 2014]","[2005, 2006, 2008, 2010, 2011, 2012, 2013, 2014]","[2006, 2008, 2010, 2012, 2013, 2014]"
93,naseem.sage,0,1,2,0,"[2013, 2014]",[2014],[]
94,NLettis,0,0,0,0,[],[],[]
95,Nytshaed,4,6,6,1,"[2009, 2010, 2011, 2012, 2013, 2014]","[2009, 2010, 2011, 2012, 2013, 2014]","[2010, 2011, 2012, 2013]"
96,poise,0,2,4,1,"[2011, 2012, 2013, 2014]","[2013, 2014]",[]
97,QuinnWhittaker,0,1,3,0,"[2012, 2013, 2014]",[2012],[]
98,RagingFem,1,1,2,0,"[2013, 2014]",[2014],[2014]
99,revdolphin,0,0,0,0,[],[],[]
100,Robertjm,1,1,1,1,[2014],[2014],[2014]
101,Sophia Salazar,1,1,1,1,[2013],[2013],[2013]
102,Space-Jack,0,3,4,0,"[2011, 2012, 2013, 2014]","[2011, 2013, 2014]",[]
103,sushimustwrite,144,208,208,1,"[2002, 2003, 2004, 2005, 2006, 2007, 2008, 2009, 2010, 2011, 2012, 2013, 2014, 2002, 2003, 2004, 2005, 2006, 2007, 2008, 2009, 2010, 2011, 2012, 2013, 2014, 2002, 2003, 2004, 2005, 2006, 2007, 2008, 2009, 2010, 2011, 2012, 2013, 2014, 2002, 2003, 2004, 2005, 2006, 2007, 2008, 2009, 2010, 2011, 2012, 2013, 2014, 2002, 2003, 2004, 2005, 2006, 2007, 2008, 2009, 2010, 2011, 2012, 2013, 2014, 2002, 2003, 2004, 2005, 2006, 2007, 2008, 2009, 2010, 2011, 2012, 2013, 2014, 2002, 2003, 2004, 2005, 2006, 2007, 2008, 2009, 2010, 2011, 2012, 2013, 2014, 2002, 2003, 2004, 2005, 2006, 2007, 2008, 2009, 2010, 2011, 2012, 2013, 2014, 2002, 2003, 2004, 2005, 2006, 2007, 2008, 2009, 2010, 2011, 2012, 2013, 2014, 2002, 2003, 2004, 2005, 2006, 2007, 2008, 2009, 2010, 2011, 2012, 2013, 2014, 2002, 2003, 2004, 2005, 2006, 2007, 2008, 2009, 2010, 2011, 2012, 2013, 2014, 2002, 2003, 2004, 2005, 2006, 2007, 2008, 2009, 2010, 2011, 2012, 2013, 2014, 2002, 2003, 2004, 2005, 2006, 2007, 2008, 2009, 2010, 2011, 2012, 2013, 2014, 2002, 2003, 2004, 2005, 2006, 2007, 2008, 2009, 2010, 2011, 2012, 2013, 2014, 2002, 2003, 2004, 2005, 2006, 2007, 2008, 2009, 2010, 2011, 2012, 2013, 2014, 2002, 2003, 2004, 2005, 2006, 2007, 2008, 2009, 2010, 2011, 2012, 2013, 2014]","[2002, 2003, 2004, 2005, 2006, 2007, 2008, 2009, 2010, 2011, 2012, 2013, 2014, 2002, 2003, 2004, 2005, 2006, 2007, 2008, 2009, 2010, 2011, 2012, 2013, 2014, 2002, 2003, 2004, 2005, 2006, 2007, 2008, 2009, 2010, 2011, 2012, 2013, 2014, 2002, 2003, 2004, 2005, 2006, 2007, 2008, 2009, 2010, 2011, 2012, 2013, 2014, 2002, 2003, 2004, 2005, 2006, 2007, 2008, 2009, 2010, 2011, 2012, 2013, 2014, 2002, 2003, 2004, 2005, 2006, 2007, 2008, 2009, 2010, 2011, 2012, 2013, 2014, 2002, 2003, 2004, 2005, 2006, 2007, 2008, 2009, 2010, 2011, 2012, 2013, 2014, 2002, 2003, 2004, 2005, 2006, 2007, 2008, 2009, 2010, 2011, 2012, 2013, 2014, 2002, 2003, 2004, 2005, 2006, 2007, 2008, 2009, 2010, 2011, 2012, 2013, 2014, 2002, 2003, 2004, 2005, 2006, 2007, 2008, 2009, 2010, 2011, 2012, 2013, 2014, 2002, 2003, 2004, 2005, 2006, 2007, 2008, 2009, 2010, 2011, 2012, 2013, 2014, 2002, 2003, 2004, 2005, 2006, 2007, 2008, 2009, 2010, 2011, 2012, 2013, 2014, 2002, 2003, 2004, 2005, 2006, 2007, 2008, 2009, 2010, 2011, 2012, 2013, 2014, 2002, 2003, 2004, 2005, 2006, 2007, 2008, 2009, 2010, 2011, 2012, 2013, 2014, 2002, 2003, 2004, 2005, 2006, 2007, 2008, 2009, 2010, 2011, 2012, 2013, 2014, 2002, 2003, 2004, 2005, 2006, 2007, 2008, 2009, 2010, 2011, 2012, 2013, 2014]","[2006, 2007, 2008, 2009, 2010, 2011, 2012, 2013, 2014, 2006, 2007, 2008, 2009, 2010, 2011, 2012, 2013, 2014, 2006, 2007, 2008, 2009, 2010, 2011, 2012, 2013, 2014, 2006, 2007, 2008, 2009, 2010, 2011, 2012, 2013, 2014, 2006, 2007, 2008, 2009, 2010, 2011, 2012, 2013, 2014, 2006, 2007, 2008, 2009, 2010, 2011, 2012, 2013, 2014, 2006, 2007, 2008, 2009, 2010, 2011, 2012, 2013, 2014, 2006, 2007, 2008, 2009, 2010, 2011, 2012, 2013, 2014, 2006, 2007, 2008, 2009, 2010, 2011, 2012, 2013, 2014, 2006, 2007, 2008, 2009, 2010, 2011, 2012, 2013, 2014, 2006, 2007, 2008, 2009, 2010, 2011, 2012, 2013, 2014, 2006, 2007, 2008, 2009, 2010, 2011, 2012, 2013, 2014, 2006, 2007, 2008, 2009, 2010, 2011, 2012, 2013, 2014, 2006, 2007, 2008, 2009, 2010, 2011, 2012, 2013, 2014, 2006, 2007, 2008, 2009, 2010, 2011, 2012, 2013, 2014, 2006, 2007, 2008, 2009, 2010, 2011, 2012, 2013, 2014]"
104,sushimustwrite,144,208,208,1,"[2002, 2003, 2004, 2005, 2006, 2007, 2008, 2009, 2010, 2011, 2012, 2013, 2014, 2002, 2003, 2004, 2005, 2006, 2007, 2008, 2009, 2010, 2011, 2012, 2013, 2014, 2002, 2003, 2004, 2005, 2006, 2007, 2008, 2009, 2010, 2011, 2012, 2013, 2014, 2002, 2003, 2004, 2005, 2006, 2007, 2008, 2009, 2010, 2011, 2012, 2013, 2014, 2002, 2003, 2004, 2005, 2006, 2007, 2008, 2009, 2010, 2011, 2012, 2013, 2014, 2002, 2003, 2004, 2005, 2006, 2007, 2008, 2009, 2010, 2011, 2012, 2013, 2014, 2002, 2003, 2004, 2005, 2006, 2007, 2008, 2009, 2010, 2011, 2012, 2013, 2014, 2002, 2003, 2004, 2005, 2006, 2007, 2008, 2009, 2010, 2011, 2012, 2013, 2014, 2002, 2003, 2004, 2005, 2006, 2007, 2008, 2009, 2010, 2011, 2012, 2013, 2014, 2002, 2003, 2004, 2005, 2006, 2007, 2008, 2009, 2010, 2011, 2012, 2013, 2014, 2002, 2003, 2004, 2005, 2006, 2007, 2008, 2009, 2010, 2011, 2012, 2013, 2014, 2002, 2003, 2004, 2005, 2006, 2007, 2008, 2009, 2010, 2011, 2012, 2013, 2014, 2002, 2003, 2004, 2005, 2006, 2007, 2008, 2009, 2010, 2011, 2012, 2013, 2014, 2002, 2003, 2004, 2005, 2006, 2007, 2008, 2009, 2010, 2011, 2012, 2013, 2014, 2002, 2003, 2004, 2005, 2006, 2007, 2008, 2009, 2010, 2011, 2012, 2013, 2014, 2002, 2003, 2004, 2005, 2006, 2007, 2008, 2009, 2010, 2011, 2012, 2013, 2014]","[2002, 2003, 2004, 2005, 2006, 2007, 2008, 2009, 2010, 2011, 2012, 2013, 2014, 2002, 2003, 2004, 2005, 2006, 2007, 2008, 2009, 2010, 2011, 2012, 2013, 2014, 2002, 2003, 2004, 2005, 2006, 2007, 2008, 2009, 2010, 2011, 2012, 2013, 2014, 2002, 2003, 2004, 2005, 2006, 2007, 2008, 2009, 2010, 2011, 2012, 2013, 2014, 2002, 2003, 2004, 2005, 2006, 2007, 2008, 2009, 2010, 2011, 2012, 2013, 2014, 2002, 2003, 2004, 2005, 2006, 2007, 2008, 2009, 2010, 2011, 2012, 2013, 2014, 2002, 2003, 2004, 2005, 2006, 2007, 2008, 2009, 2010, 2011, 2012, 2013, 2014, 2002, 2003, 2004, 2005, 2006, 2007, 2008, 2009, 2010, 2011, 2012, 2013, 2014, 2002, 2003, 2004, 2005, 2006, 2007, 2008, 2009, 2010, 2011, 2012, 2013, 2014, 2002, 2003, 2004, 2005, 2006, 2007, 2008, 2009, 2010, 2011, 2012, 2013, 2014, 2002, 2003, 2004, 2005, 2006, 2007, 2008, 2009, 2010, 2011, 2012, 2013, 2014, 2002, 2003, 2004, 2005, 2006, 2007, 2008, 2009, 2010, 2011, 2012, 2013, 2014, 2002, 2003, 2004, 2005, 2006, 2007, 2008, 2009, 2010, 2011, 2012, 2013, 2014, 2002, 2003, 2004, 2005, 2006, 2007, 2008, 2009, 2010, 2011, 2012, 2013, 2014, 2002, 2003, 2004, 2005, 2006, 2007, 2008, 2009, 2010, 2011, 2012, 2013, 2014, 2002, 2003, 2004, 2005, 2006, 2007, 2008, 2009, 2010, 2011, 2012, 2013, 2014]","[2006, 2007, 2008, 2009, 2010, 2011, 2012, 2013, 2014, 2006, 2007, 2008, 2009, 2010, 2011, 2012, 2013, 2014, 2006, 2007, 2008, 2009, 2010, 2011, 2012, 2013, 2014, 2006, 2007, 2008, 2009, 2010, 2011, 2012, 2013, 2014, 2006, 2007, 2008, 2009, 2010, 2011, 2012, 2013, 2014, 2006, 2007, 2008, 2009, 2010, 2011, 2012, 2013, 2014, 2006, 2007, 2008, 2009, 2010, 2011, 2012, 2013, 2014, 2006, 2007, 2008, 2009, 2010, 2011, 2012, 2013, 2014, 2006, 2007, 2008, 2009, 2010, 2011, 2012, 2013, 2014, 2006, 2007, 2008, 2009, 2010, 2011, 2012, 2013, 2014, 2006, 2007, 2008, 2009, 2010, 2011, 2012, 2013, 2014, 2006, 2007, 2008, 2009, 2010, 2011, 2012, 2013, 2014, 2006, 2007, 2008, 2009, 2010, 2011, 2012, 2013, 2014, 2006, 2007, 2008, 2009, 2010, 2011, 2012, 2013, 2014, 2006, 2007, 2008, 2009, 2010, 2011, 2012, 2013, 2014, 2006, 2007, 2008, 2009, 2010, 2011, 2012, 2013, 2014]"
105,sushimustwrite,144,208,208,1,"[2002, 2003, 2004, 2005, 2006, 2007, 2008, 2009, 2010, 2011, 2012, 2013, 2014, 2002, 2003, 2004, 2005, 2006, 2007, 2008, 2009, 2010, 2011, 2012, 2013, 2014, 2002, 2003, 2004, 2005, 2006, 2007, 2008, 2009, 2010, 2011, 2012, 2013, 2014, 2002, 2003, 2004, 2005, 2006, 2007, 2008, 2009, 2010, 2011, 2012, 2013, 2014, 2002, 2003, 2004, 2005, 2006, 2007, 2008, 2009, 2010, 2011, 2012, 2013, 2014, 2002, 2003, 2004, 2005, 2006, 2007, 2008, 2009, 2010, 2011, 2012, 2013, 2014, 2002, 2003, 2004, 2005, 2006, 2007, 2008, 2009, 2010, 2011, 2012, 2013, 2014, 2002, 2003, 2004, 2005, 2006, 2007, 2008, 2009, 2010, 2011, 2012, 2013, 2014, 2002, 2003, 2004, 2005, 2006, 2007, 2008, 2009, 2010, 2011, 2012, 2013, 2014, 2002, 2003, 2004, 2005, 2006, 2007, 2008, 2009, 2010, 2011, 2012, 2013, 2014, 2002, 2003, 2004, 2005, 2006, 2007, 2008, 2009, 2010, 2011, 2012, 2013, 2014, 2002, 2003, 2004, 2005, 2006, 2007, 2008, 2009, 2010, 2011, 2012, 2013, 2014, 2002, 2003, 2004, 2005, 2006, 2007, 2008, 2009, 2010, 2011, 2012, 2013, 2014, 2002, 2003, 2004, 2005, 2006, 2007, 2008, 2009, 2010, 2011, 2012, 2013, 2014, 2002, 2003, 2004, 2005, 2006, 2007, 2008, 2009, 2010, 2011, 2012, 2013, 2014, 2002, 2003, 2004, 2005, 2006, 2007, 2008, 2009, 2010, 2011, 2012, 2013, 2014]","[2002, 2003, 2004, 2005, 2006, 2007, 2008, 2009, 2010, 2011, 2012, 2013, 2014, 2002, 2003, 2004, 2005, 2006, 2007, 2008, 2009, 2010, 2011, 2012, 2013, 2014, 2002, 2003, 2004, 2005, 2006, 2007, 2008, 2009, 2010, 2011, 2012, 2013, 2014, 2002, 2003, 2004, 2005, 2006, 2007, 2008, 2009, 2010, 2011, 2012, 2013, 2014, 2002, 2003, 2004, 2005, 2006, 2007, 2008, 2009, 2010, 2011, 2012, 2013, 2014, 2002, 2003, 2004, 2005, 2006, 2007, 2008, 2009, 2010, 2011, 2012, 2013, 2014, 2002, 2003, 2004, 2005, 2006, 2007, 2008, 2009, 2010, 2011, 2012, 2013, 2014, 2002, 2003, 2004, 2005, 2006, 2007, 2008, 2009, 2010, 2011, 2012, 2013, 2014, 2002, 2003, 2004, 2005, 2006, 2007, 2008, 2009, 2010, 2011, 2012, 2013, 2014, 2002, 2003, 2004, 2005, 2006, 2007, 2008, 2009, 2010, 2011, 2012, 2013, 2014, 2002, 2003, 2004, 2005, 2006, 2007, 2008, 2009, 2010, 2011, 2012, 2013, 2014, 2002, 2003, 2004, 2005, 2006, 2007, 2008, 2009, 2010, 2011, 2012, 2013, 2014, 2002, 2003, 2004, 2005, 2006, 2007, 2008, 2009, 2010, 2011, 2012, 2013, 2014, 2002, 2003, 2004, 2005, 2006, 2007, 2008, 2009, 2010, 2011, 2012, 2013, 2014, 2002, 2003, 2004, 2005, 2006, 2007, 2008, 2009, 2010, 2011, 2012, 2013, 2014, 2002, 2003, 2004, 2005, 2006, 2007, 2008, 2009, 2010, 2011, 2012, 2013, 2014]","[2006, 2007, 2008, 2009, 2010, 2011, 2012, 2013, 2014, 2006, 2007, 2008, 2009, 2010, 2011, 2012, 2013, 2014, 2006, 2007, 2008, 2009, 2010, 2011, 2012, 2013, 2014, 2006, 2007, 2008, 2009, 2010, 2011, 2012, 2013, 2014, 2006, 2007, 2008, 2009, 2010, 2011, 2012, 2013, 2014, 2006, 2007, 2008, 2009, 2010, 2011, 2012, 2013, 2014, 2006, 2007, 2008, 2009, 2010, 2011, 2012, 2013, 2014, 2006, 2007, 2008, 2009, 2010, 2011, 2012, 2013, 2014, 2006, 2007, 2008, 2009, 2010, 2011, 2012, 2013, 2014, 2006, 2007, 2008, 2009, 2010, 2011, 2012, 2013, 2014, 2006, 2007, 2008, 2009, 2010, 2011, 2012, 2013, 2014, 2006, 2007, 2008, 2009, 2010, 2011, 2012, 2013, 2014, 2006, 2007, 2008, 2009, 2010, 2011, 2012, 2013, 2014, 2006, 2007, 2008, 2009, 2010, 2011, 2012, 2013, 2014, 2006, 2007, 2008, 2009, 2010, 2011, 2012, 2013, 2014, 2006, 2007, 2008, 2009, 2010, 2011, 2012, 2013, 2014]"
106,sushimustwrite,144,208,208,1,"[2002, 2003, 2004, 2005, 2006, 2007, 2008, 2009, 2010, 2011, 2012, 2013, 2014, 2002, 2003, 2004, 2005, 2006, 2007, 2008, 2009, 2010, 2011, 2012, 2013, 2014, 2002, 2003, 2004, 2005, 2006, 2007, 2008, 2009, 2010, 2011, 2012, 2013, 2014, 2002, 2003, 2004, 2005, 2006, 2007, 2008, 2009, 2010, 2011, 2012, 2013, 2014, 2002, 2003, 2004, 2005, 2006, 2007, 2008, 2009, 2010, 2011, 2012, 2013, 2014, 2002, 2003, 2004, 2005, 2006, 2007, 2008, 2009, 2010, 2011, 2012, 2013, 2014, 2002, 2003, 2004, 2005, 2006, 2007, 2008, 2009, 2010, 2011, 2012, 2013, 2014, 2002, 2003, 2004, 2005, 2006, 2007, 2008, 2009, 2010, 2011, 2012, 2013, 2014, 2002, 2003, 2004, 2005, 2006, 2007, 2008, 2009, 2010, 2011, 2012, 2013, 2014, 2002, 2003, 2004, 2005, 2006, 2007, 2008, 2009, 2010, 2011, 2012, 2013, 2014, 2002, 2003, 2004, 2005, 2006, 2007, 2008, 2009, 2010, 2011, 2012, 2013, 2014, 2002, 2003, 2004, 2005, 2006, 2007, 2008, 2009, 2010, 2011, 2012, 2013, 2014, 2002, 2003, 2004, 2005, 2006, 2007, 2008, 2009, 2010, 2011, 2012, 2013, 2014, 2002, 2003, 2004, 2005, 2006, 2007, 2008, 2009, 2010, 2011, 2012, 2013, 2014, 2002, 2003, 2004, 2005, 2006, 2007, 2008, 2009, 2010, 2011, 2012, 2013, 2014, 2002, 2003, 2004, 2005, 2006, 2007, 2008, 2009, 2010, 2011, 2012, 2013, 2014]","[2002, 2003, 2004, 2005, 2006, 2007, 2008, 2009, 2010, 2011, 2012, 2013, 2014, 2002, 2003, 2004, 2005, 2006, 2007, 2008, 2009, 2010, 2011, 2012, 2013, 2014, 2002, 2003, 2004, 2005, 2006, 2007, 2008, 2009, 2010, 2011, 2012, 2013, 2014, 2002, 2003, 2004, 2005, 2006, 2007, 2008, 2009, 2010, 2011, 2012, 2013, 2014, 2002, 2003, 2004, 2005, 2006, 2007, 2008, 2009, 2010, 2011, 2012, 2013, 2014, 2002, 2003, 2004, 2005, 2006, 2007, 2008, 2009, 2010, 2011, 2012, 2013, 2014, 2002, 2003, 2004, 2005, 2006, 2007, 2008, 2009, 2010, 2011, 2012, 2013, 2014, 2002, 2003, 2004, 2005, 2006, 2007, 2008, 2009, 2010, 2011, 2012, 2013, 2014, 2002, 2003, 2004, 2005, 2006, 2007, 2008, 2009, 2010, 2011, 2012, 2013, 2014, 2002, 2003, 2004, 2005, 2006, 2007, 2008, 2009, 2010, 2011, 2012, 2013, 2014, 2002, 2003, 2004, 2005, 2006, 2007, 2008, 2009, 2010, 2011, 2012, 2013, 2014, 2002, 2003, 2004, 2005, 2006, 2007, 2008, 2009, 2010, 2011, 2012, 2013, 2014, 2002, 2003, 2004, 2005, 2006, 2007, 2008, 2009, 2010, 2011, 2012, 2013, 2014, 2002, 2003, 2004, 2005, 2006, 2007, 2008, 2009, 2010, 2011, 2012, 2013, 2014, 2002, 2003, 2004, 2005, 2006, 2007, 2008, 2009, 2010, 2011, 2012, 2013, 2014, 2002, 2003, 2004, 2005, 2006, 2007, 2008, 2009, 2010, 2011, 2012, 2013, 2014]","[2006, 2007, 2008, 2009, 2010, 2011, 2012, 2013, 2014, 2006, 2007, 2008, 2009, 2010, 2011, 2012, 2013, 2014, 2006, 2007, 2008, 2009, 2010, 2011, 2012, 2013, 2014, 2006, 2007, 2008, 2009, 2010, 2011, 2012, 2013, 2014, 2006, 2007, 2008, 2009, 2010, 2011, 2012, 2013, 2014, 2006, 2007, 2008, 2009, 2010, 2011, 2012, 2013, 2014, 2006, 2007, 2008, 2009, 2010, 2011, 2012, 2013, 2014, 2006, 2007, 2008, 2009, 2010, 2011, 2012, 2013, 2014, 2006, 2007, 2008, 2009, 2010, 2011, 2012, 2013, 2014, 2006, 2007, 2008, 2009, 2010, 2011, 2012, 2013, 2014, 2006, 2007, 2008, 2009, 2010, 2011, 2012, 2013, 2014, 2006, 2007, 2008, 2009, 2010, 2011, 2012, 2013, 2014, 2006, 2007, 2008, 2009, 2010, 2011, 2012, 2013, 2014, 2006, 2007, 2008, 2009, 2010, 2011, 2012, 2013, 2014, 2006, 2007, 2008, 2009, 2010, 2011, 2012, 2013, 2014, 2006, 2007, 2008, 2009, 2010, 2011, 2012, 2013, 2014]"
107,sushimustwrite,144,208,208,1,"[2002, 2003, 2004, 2005, 2006, 2007, 2008, 2009, 2010, 2011, 2012, 2013, 2014, 2002, 2003, 2004, 2005, 2006, 2007, 2008, 2009, 2010, 2011, 2012, 2013, 2014, 2002, 2003, 2004, 2005, 2006, 2007, 2008, 2009, 2010, 2011, 2012, 2013, 2014, 2002, 2003, 2004, 2005, 2006, 2007, 2008, 2009, 2010, 2011, 2012, 2013, 2014, 2002, 2003, 2004, 2005, 2006, 2007, 2008, 2009, 2010, 2011, 2012, 2013, 2014, 2002, 2003, 2004, 2005, 2006, 2007, 2008, 2009, 2010, 2011, 2012, 2013, 2014, 2002, 2003, 2004, 2005, 2006, 2007, 2008, 2009, 2010, 2011, 2012, 2013, 2014, 2002, 2003, 2004, 2005, 2006, 2007, 2008, 2009, 2010, 2011, 2012, 2013, 2014, 2002, 2003, 2004, 2005, 2006, 2007, 2008, 2009, 2010, 2011, 2012, 2013, 2014, 2002, 2003, 2004, 2005, 2006, 2007, 2008, 2009, 2010, 2011, 2012, 2013, 2014, 2002, 2003, 2004, 2005, 2006, 2007, 2008, 2009, 2010, 2011, 2012, 2013, 2014, 2002, 2003, 2004, 2005, 2006, 2007, 2008, 2009, 2010, 2011, 2012, 2013, 2014, 2002, 2003, 2004, 2005, 2006, 2007, 2008, 2009, 2010, 2011, 2012, 2013, 2014, 2002, 2003, 2004, 2005, 2006, 2007, 2008, 2009, 2010, 2011, 2012, 2013, 2014, 2002, 2003, 2004, 2005, 2006, 2007, 2008, 2009, 2010, 2011, 2012, 2013, 2014, 2002, 2003, 2004, 2005, 2006, 2007, 2008, 2009, 2010, 2011, 2012, 2013, 2014]","[2002, 2003, 2004, 2005, 2006, 2007, 2008, 2009, 2010, 2011, 2012, 2013, 2014, 2002, 2003, 2004, 2005, 2006, 2007, 2008, 2009, 2010, 2011, 2012, 2013, 2014, 2002, 2003, 2004, 2005, 2006, 2007, 2008, 2009, 2010, 2011, 2012, 2013, 2014, 2002, 2003, 2004, 2005, 2006, 2007, 2008, 2009, 2010, 2011, 2012, 2013, 2014, 2002, 2003, 2004, 2005, 2006, 2007, 2008, 2009, 2010, 2011, 2012, 2013, 2014, 2002, 2003, 2004, 2005, 2006, 2007, 2008, 2009, 2010, 2011, 2012, 2013, 2014, 2002, 2003, 2004, 2005, 2006, 2007, 2008, 2009, 2010, 2011, 2012, 2013, 2014, 2002, 2003, 2004, 2005, 2006, 2007, 2008, 2009, 2010, 2011, 2012, 2013, 2014, 2002, 2003, 2004, 2005, 2006, 2007, 2008, 2009, 2010, 2011, 2012, 2013, 2014, 2002, 2003, 2004, 2005, 2006, 2007, 2008, 2009, 2010, 2011, 2012, 2013, 2014, 2002, 2003, 2004, 2005, 2006, 2007, 2008, 2009, 2010, 2011, 2012, 2013, 2014, 2002, 2003, 2004, 2005, 2006, 2007, 2008, 2009, 2010, 2011, 2012, 2013, 2014, 2002, 2003, 2004, 2005, 2006, 2007, 2008, 2009, 2010, 2011, 2012, 2013, 2014, 2002, 2003, 2004, 2005, 2006, 2007, 2008, 2009, 2010, 2011, 2012, 2013, 2014, 2002, 2003, 2004, 2005, 2006, 2007, 2008, 2009, 2010, 2011, 2012, 2013, 2014, 2002, 2003, 2004, 2005, 2006, 2007, 2008, 2009, 2010, 2011, 2012, 2013, 2014]","[2006, 2007, 2008, 2009, 2010, 2011, 2012, 2013, 2014, 2006, 2007, 2008, 2009, 2010, 2011, 2012, 2013, 2014, 2006, 2007, 2008, 2009, 2010, 2011, 2012, 2013, 2014, 2006, 2007, 2008, 2009, 2010, 2011, 2012, 2013, 2014, 2006, 2007, 2008, 2009, 2010, 2011, 2012, 2013, 2014, 2006, 2007, 2008, 2009, 2010, 2011, 2012, 2013, 2014, 2006, 2007, 2008, 2009, 2010, 2011, 2012, 2013, 2014, 2006, 2007, 2008, 2009, 2010, 2011, 2012, 2013, 2014, 2006, 2007, 2008, 2009, 2010, 2011, 2012, 2013, 2014, 2006, 2007, 2008, 2009, 2010, 2011, 2012, 2013, 2014, 2006, 2007, 2008, 2009, 2010, 2011, 2012, 2013, 2014, 2006, 2007, 2008, 2009, 2010, 2011, 2012, 2013, 2014, 2006, 2007, 2008, 2009, 2010, 2011, 2012, 2013, 2014, 2006, 2007, 2008, 2009, 2010, 2011, 2012, 2013, 2014, 2006, 2007, 2008, 2009, 2010, 2011, 2012, 2013, 2014, 2006, 2007, 2008, 2009, 2010, 2011, 2012, 2013, 2014]"
108,sushimustwrite,144,208,208,1,"[2002, 2003, 2004, 2005, 2006, 2007, 2008, 2009, 2010, 2011, 2012, 2013, 2014, 2002, 2003, 2004, 2005, 2006, 2007, 2008, 2009, 2010, 2011, 2012, 2013, 2014, 2002, 2003, 2004, 2005, 2006, 2007, 2008, 2009, 2010, 2011, 2012, 2013, 2014, 2002, 2003, 2004, 2005, 2006, 2007, 2008, 2009, 2010, 2011, 2012, 2013, 2014, 2002, 2003, 2004, 2005, 2006, 2007, 2008, 2009, 2010, 2011, 2012, 2013, 2014, 2002, 2003, 2004, 2005, 2006, 2007, 2008, 2009, 2010, 2011, 2012, 2013, 2014, 2002, 2003, 2004, 2005, 2006, 2007, 2008, 2009, 2010, 2011, 2012, 2013, 2014, 2002, 2003, 2004, 2005, 2006, 2007, 2008, 2009, 2010, 2011, 2012, 2013, 2014, 2002, 2003, 2004, 2005, 2006, 2007, 2008, 2009, 2010, 2011, 2012, 2013, 2014, 2002, 2003, 2004, 2005, 2006, 2007, 2008, 2009, 2010, 2011, 2012, 2013, 2014, 2002, 2003, 2004, 2005, 2006, 2007, 2008, 2009, 2010, 2011, 2012, 2013, 2014, 2002, 2003, 2004, 2005, 2006, 2007, 2008, 2009, 2010, 2011, 2012, 2013, 2014, 2002, 2003, 2004, 2005, 2006, 2007, 2008, 2009, 2010, 2011, 2012, 2013, 2014, 2002, 2003, 2004, 2005, 2006, 2007, 2008, 2009, 2010, 2011, 2012, 2013, 2014, 2002, 2003, 2004, 2005, 2006, 2007, 2008, 2009, 2010, 2011, 2012, 2013, 2014, 2002, 2003, 2004, 2005, 2006, 2007, 2008, 2009, 2010, 2011, 2012, 2013, 2014]","[2002, 2003, 2004, 2005, 2006, 2007, 2008, 2009, 2010, 2011, 2012, 2013, 2014, 2002, 2003, 2004, 2005, 2006, 2007, 2008, 2009, 2010, 2011, 2012, 2013, 2014, 2002, 2003, 2004, 2005, 2006, 2007, 2008, 2009, 2010, 2011, 2012, 2013, 2014, 2002, 2003, 2004, 2005, 2006, 2007, 2008, 2009, 2010, 2011, 2012, 2013, 2014, 2002, 2003, 2004, 2005, 2006, 2007, 2008, 2009, 2010, 2011, 2012, 2013, 2014, 2002, 2003, 2004, 2005, 2006, 2007, 2008, 2009, 2010, 2011, 2012, 2013, 2014, 2002, 2003, 2004, 2005, 2006, 2007, 2008, 2009, 2010, 2011, 2012, 2013, 2014, 2002, 2003, 2004, 2005, 2006, 2007, 2008, 2009, 2010, 2011, 2012, 2013, 2014, 2002, 2003, 2004, 2005, 2006, 2007, 2008, 2009, 2010, 2011, 2012, 2013, 2014, 2002, 2003, 2004, 2005, 2006, 2007, 2008, 2009, 2010, 2011, 2012, 2013, 2014, 2002, 2003, 2004, 2005, 2006, 2007, 2008, 2009, 2010, 2011, 2012, 2013, 2014, 2002, 2003, 2004, 2005, 2006, 2007, 2008, 2009, 2010, 2011, 2012, 2013, 2014, 2002, 2003, 2004, 2005, 2006, 2007, 2008, 2009, 2010, 2011, 2012, 2013, 2014, 2002, 2003, 2004, 2005, 2006, 2007, 2008, 2009, 2010, 2011, 2012, 2013, 2014, 2002, 2003, 2004, 2005, 2006, 2007, 2008, 2009, 2010, 2011, 2012, 2013, 2014, 2002, 2003, 2004, 2005, 2006, 2007, 2008, 2009, 2010, 2011, 2012, 2013, 2014]","[2006, 2007, 2008, 2009, 2010, 2011, 2012, 2013, 2014, 2006, 2007, 2008, 2009, 2010, 2011, 2012, 2013, 2014, 2006, 2007, 2008, 2009, 2010, 2011, 2012, 2013, 2014, 2006, 2007, 2008, 2009, 2010, 2011, 2012, 2013, 2014, 2006, 2007, 2008, 2009, 2010, 2011, 2012, 2013, 2014, 2006, 2007, 2008, 2009, 2010, 2011, 2012, 2013, 2014, 2006, 2007, 2008, 2009, 2010, 2011, 2012, 2013, 2014, 2006, 2007, 2008, 2009, 2010, 2011, 2012, 2013, 2014, 2006, 2007, 2008, 2009, 2010, 2011, 2012, 2013, 2014, 2006, 2007, 2008, 2009, 2010, 2011, 2012, 2013, 2014, 2006, 2007, 2008, 2009, 2010, 2011, 2012, 2013, 2014, 2006, 2007, 2008, 2009, 2010, 2011, 2012, 2013, 2014, 2006, 2007, 2008, 2009, 2010, 2011, 2012, 2013, 2014, 2006, 2007, 2008, 2009, 2010, 2011, 2012, 2013, 2014, 2006, 2007, 2008, 2009, 2010, 2011, 2012, 2013, 2014, 2006, 2007, 2008, 2009, 2010, 2011, 2012, 2013, 2014]"
109,sushimustwrite,144,208,208,1,"[2002, 2003, 2004, 2005, 2006, 2007, 2008, 2009, 2010, 2011, 2012, 2013, 2014, 2002, 2003, 2004, 2005, 2006, 2007, 2008, 2009, 2010, 2011, 2012, 2013, 2014, 2002, 2003, 2004, 2005, 2006, 2007, 2008, 2009, 2010, 2011, 2012, 2013, 2014, 2002, 2003, 2004, 2005, 2006, 2007, 2008, 2009, 2010, 2011, 2012, 2013, 2014, 2002, 2003, 2004, 2005, 2006, 2007, 2008, 2009, 2010, 2011, 2012, 2013, 2014, 2002, 2003, 2004, 2005, 2006, 2007, 2008, 2009, 2010, 2011, 2012, 2013, 2014, 2002, 2003, 2004, 2005, 2006, 2007, 2008, 2009, 2010, 2011, 2012, 2013, 2014, 2002, 2003, 2004, 2005, 2006, 2007, 2008, 2009, 2010, 2011, 2012, 2013, 2014, 2002, 2003, 2004, 2005, 2006, 2007, 2008, 2009, 2010, 2011, 2012, 2013, 2014, 2002, 2003, 2004, 2005, 2006, 2007, 2008, 2009, 2010, 2011, 2012, 2013, 2014, 2002, 2003, 2004, 2005, 2006, 2007, 2008, 2009, 2010, 2011, 2012, 2013, 2014, 2002, 2003, 2004, 2005, 2006, 2007, 2008, 2009, 2010, 2011, 2012, 2013, 2014, 2002, 2003, 2004, 2005, 2006, 2007, 2008, 2009, 2010, 2011, 2012, 2013, 2014, 2002, 2003, 2004, 2005, 2006, 2007, 2008, 2009, 2010, 2011, 2012, 2013, 2014, 2002, 2003, 2004, 2005, 2006, 2007, 2008, 2009, 2010, 2011, 2012, 2013, 2014, 2002, 2003, 2004, 2005, 2006, 2007, 2008, 2009, 2010, 2011, 2012, 2013, 2014]","[2002, 2003, 2004, 2005, 2006, 2007, 2008, 2009, 2010, 2011, 2012, 2013, 2014, 2002, 2003, 2004, 2005, 2006, 2007, 2008, 2009, 2010, 2011, 2012, 2013, 2014, 2002, 2003, 2004, 2005, 2006, 2007, 2008, 2009, 2010, 2011, 2012, 2013, 2014, 2002, 2003, 2004, 2005, 2006, 2007, 2008, 2009, 2010, 2011, 2012, 2013, 2014, 2002, 2003, 2004, 2005, 2006, 2007, 2008, 2009, 2010, 2011, 2012, 2013, 2014, 2002, 2003, 2004, 2005, 2006, 2007, 2008, 2009, 2010, 2011, 2012, 2013, 2014, 2002, 2003, 2004, 2005, 2006, 2007, 2008, 2009, 2010, 2011, 2012, 2013, 2014, 2002, 2003, 2004, 2005, 2006, 2007, 2008, 2009, 2010, 2011, 2012, 2013, 2014, 2002, 2003, 2004, 2005, 2006, 2007, 2008, 2009, 2010, 2011, 2012, 2013, 2014, 2002, 2003, 2004, 2005, 2006, 2007, 2008, 2009, 2010, 2011, 2012, 2013, 2014, 2002, 2003, 2004, 2005, 2006, 2007, 2008, 2009, 2010, 2011, 2012, 2013, 2014, 2002, 2003, 2004, 2005, 2006, 2007, 2008, 2009, 2010, 2011, 2012, 2013, 2014, 2002, 2003, 2004, 2005, 2006, 2007, 2008, 2009, 2010, 2011, 2012, 2013, 2014, 2002, 2003, 2004, 2005, 2006, 2007, 2008, 2009, 2010, 2011, 2012, 2013, 2014, 2002, 2003, 2004, 2005, 2006, 2007, 2008, 2009, 2010, 2011, 2012, 2013, 2014, 2002, 2003, 2004, 2005, 2006, 2007, 2008, 2009, 2010, 2011, 2012, 2013, 2014]","[2006, 2007, 2008, 2009, 2010, 2011, 2012, 2013, 2014, 2006, 2007, 2008, 2009, 2010, 2011, 2012, 2013, 2014, 2006, 2007, 2008, 2009, 2010, 2011, 2012, 2013, 2014, 2006, 2007, 2008, 2009, 2010, 2011, 2012, 2013, 2014, 2006, 2007, 2008, 2009, 2010, 2011, 2012, 2013, 2014, 2006, 2007, 2008, 2009, 2010, 2011, 2012, 2013, 2014, 2006, 2007, 2008, 2009, 2010, 2011, 2012, 2013, 2014, 2006, 2007, 2008, 2009, 2010, 2011, 2012, 2013, 2014, 2006, 2007, 2008, 2009, 2010, 2011, 2012, 2013, 2014, 2006, 2007, 2008, 2009, 2010, 2011, 2012, 2013, 2014, 2006, 2007, 2008, 2009, 2010, 2011, 2012, 2013, 2014, 2006, 2007, 2008, 2009, 2010, 2011, 2012, 2013, 2014, 2006, 2007, 2008, 2009, 2010, 2011, 2012, 2013, 2014, 2006, 2007, 2008, 2009, 2010, 2011, 2012, 2013, 2014, 2006, 2007, 2008, 2009, 2010, 2011, 2012, 2013, 2014, 2006, 2007, 2008, 2009, 2010, 2011, 2012, 2013, 2014]"
110,sushimustwrite,144,208,208,1,"[2002, 2003, 2004, 2005, 2006, 2007, 2008, 2009, 2010, 2011, 2012, 2013, 2014, 2002, 2003, 2004, 2005, 2006, 2007, 2008, 2009, 2010, 2011, 2012, 2013, 2014, 2002, 2003, 2004, 2005, 2006, 2007, 2008, 2009, 2010, 2011, 2012, 2013, 2014, 2002, 2003, 2004, 2005, 2006, 2007, 2008, 2009, 2010, 2011, 2012, 2013, 2014, 2002, 2003, 2004, 2005, 2006, 2007, 2008, 2009, 2010, 2011, 2012, 2013, 2014, 2002, 2003, 2004, 2005, 2006, 2007, 2008, 2009, 2010, 2011, 2012, 2013, 2014, 2002, 2003, 2004, 2005, 2006, 2007, 2008, 2009, 2010, 2011, 2012, 2013, 2014, 2002, 2003, 2004, 2005, 2006, 2007, 2008, 2009, 2010, 2011, 2012, 2013, 2014, 2002, 2003, 2004, 2005, 2006, 2007, 2008, 2009, 2010, 2011, 2012, 2013, 2014, 2002, 2003, 2004, 2005, 2006, 2007, 2008, 2009, 2010, 2011, 2012, 2013, 2014, 2002, 2003, 2004, 2005, 2006, 2007, 2008, 2009, 2010, 2011, 2012, 2013, 2014, 2002, 2003, 2004, 2005, 2006, 2007, 2008, 2009, 2010, 2011, 2012, 2013, 2014, 2002, 2003, 2004, 2005, 2006, 2007, 2008, 2009, 2010, 2011, 2012, 2013, 2014, 2002, 2003, 2004, 2005, 2006, 2007, 2008, 2009, 2010, 2011, 2012, 2013, 2014, 2002, 2003, 2004, 2005, 2006, 2007, 2008, 2009, 2010, 2011, 2012, 2013, 2014, 2002, 2003, 2004, 2005, 2006, 2007, 2008, 2009, 2010, 2011, 2012, 2013, 2014]","[2002, 2003, 2004, 2005, 2006, 2007, 2008, 2009, 2010, 2011, 2012, 2013, 2014, 2002, 2003, 2004, 2005, 2006, 2007, 2008, 2009, 2010, 2011, 2012, 2013, 2014, 2002, 2003, 2004, 2005, 2006, 2007, 2008, 2009, 2010, 2011, 2012, 2013, 2014, 2002, 2003, 2004, 2005, 2006, 2007, 2008, 2009, 2010, 2011, 2012, 2013, 2014, 2002, 2003, 2004, 2005, 2006, 2007, 2008, 2009, 2010, 2011, 2012, 2013, 2014, 2002, 2003, 2004, 2005, 2006, 2007, 2008, 2009, 2010, 2011, 2012, 2013, 2014, 2002, 2003, 2004, 2005, 2006, 2007, 2008, 2009, 2010, 2011, 2012, 2013, 2014, 2002, 2003, 2004, 2005, 2006, 2007, 2008, 2009, 2010, 2011, 2012, 2013, 2014, 2002, 2003, 2004, 2005, 2006, 2007, 2008, 2009, 2010, 2011, 2012, 2013, 2014, 2002, 2003, 2004, 2005, 2006, 2007, 2008, 2009, 2010, 2011, 2012, 2013, 2014, 2002, 2003, 2004, 2005, 2006, 2007, 2008, 2009, 2010, 2011, 2012, 2013, 2014, 2002, 2003, 2004, 2005, 2006, 2007, 2008, 2009, 2010, 2011, 2012, 2013, 2014, 2002, 2003, 2004, 2005, 2006, 2007, 2008, 2009, 2010, 2011, 2012, 2013, 2014, 2002, 2003, 2004, 2005, 2006, 2007, 2008, 2009, 2010, 2011, 2012, 2013, 2014, 2002, 2003, 2004, 2005, 2006, 2007, 2008, 2009, 2010, 2011, 2012, 2013, 2014, 2002, 2003, 2004, 2005, 2006, 2007, 2008, 2009, 2010, 2011, 2012, 2013, 2014]","[2006, 2007, 2008, 2009, 2010, 2011, 2012, 2013, 2014, 2006, 2007, 2008, 2009, 2010, 2011, 2012, 2013, 2014, 2006, 2007, 2008, 2009, 2010, 2011, 2012, 2013, 2014, 2006, 2007, 2008, 2009, 2010, 2011, 2012, 2013, 2014, 2006, 2007, 2008, 2009, 2010, 2011, 2012, 2013, 2014, 2006, 2007, 2008, 2009, 2010, 2011, 2012, 2013, 2014, 2006, 2007, 2008, 2009, 2010, 2011, 2012, 2013, 2014, 2006, 2007, 2008, 2009, 2010, 2011, 2012, 2013, 2014, 2006, 2007, 2008, 2009, 2010, 2011, 2012, 2013, 2014, 2006, 2007, 2008, 2009, 2010, 2011, 2012, 2013, 2014, 2006, 2007, 2008, 2009, 2010, 2011, 2012, 2013, 2014, 2006, 2007, 2008, 2009, 2010, 2011, 2012, 2013, 2014, 2006, 2007, 2008, 2009, 2010, 2011, 2012, 2013, 2014, 2006, 2007, 2008, 2009, 2010, 2011, 2012, 2013, 2014, 2006, 2007, 2008, 2009, 2010, 2011, 2012, 2013, 2014, 2006, 2007, 2008, 2009, 2010, 2011, 2012, 2013, 2014]"
111,The-Big-Bad-Firewing,0,4,5,0,"[2010, 2011, 2012, 2013, 2014]","[2010, 2011, 2012, 2014]",[]
112,wildflowerlens,0,0,0,0,[],[],[]
113,wittycassiehere,0,0,0,0,[],[],[]
114,wordweaver,1,0,3,0,"[2011, 2013, 2014]",[],[2014]
115,WSpinale,0,1,1,0,[2014],[2014],[]
116,Alexandris,0,0,1,0,[2012],[],[]
117,ambrella,0,0,0,0,[],[],[]
118,DinosaurDooDoo,0,0,1,0,[2013],[],[]
119,gakernes,0,0,0,0,[],[],[]
120,irlangel,0,2,3,0,"[2012, 2013, 2014]","[2013, 2014]",[]
121,jenniferkate,0,0,1,0,[2012],[],[]
122,Jessbear84,0,0,0,0,[],[],[]
123,JWhiteFang,0,0,1,0,[2014],[],[]
124,KDSUNFLOWERS,0,0,1,0,[2014],[],[]
125,kicksandgiggles,0,0,0,1,[],[],[]
126,krkausen,0,0,0,0,[],[],[]
127,lynxzpanther,0,2,3,0,"[2012, 2013, 2014]","[2012, 2014]",[]
128,melissacroce,2,1,2,0,"[2013, 2014]",[2013],"[2013, 2014]"
129,MsHannaBSmith,0,0,1,0,[2011],[],[]
130,New Apollo,0,0,0,0,[],[],[]
131,pbtoejam05,0,5,7,0,"[2007, 2009, 2010, 2011, 2012, 2013, 2014]","[2007, 2009, 2010, 2011, 2013]",[]
132,sniccolls,0,0,0,1,[],[],[]
133,StardustStorm,0,0,0,0,[],[],[]
134,Torturedwriting,0,0,0,0,[],[],[]
135,@Erin_Havel,0,1,2,0,"[2012, 2014]",[2014],[]
136,allireapandsow,0,0,0,0,[],[],[]
137,amberkell,0,0,0,1,[],[],[]
138,Ashley Daniele,0,0,0,0,[],[],[]
139,astridsdream,1,3,4,0,"[2011, 2012, 2013, 2014]","[2011, 2013, 2014]",[2011]
140,authorperson,0,0,1,0,[2014],[],[]
141,Blushingwriter,0,0,1,1,[2014],[],[]
142,Boupie,3,4,6,1,"[2007, 2008, 2009, 2011, 2012, 2013]","[2008, 2009, 2011, 2013]","[2008, 2011, 2013]"
143,CairennRhys,16,32,32,0,"[2013, 2014, 2013, 2014, 2013, 2014, 2013, 2014, 2013, 2014, 2013, 2014, 2013, 2014, 2013, 2014, 2013, 2014, 2013, 2014, 2013, 2014, 2013, 2014, 2013, 2014, 2013, 2014, 2013, 2014, 2013, 2014]","[2013, 2014, 2013, 2014, 2013, 2014, 2013, 2014, 2013, 2014, 2013, 2014, 2013, 2014, 2013, 2014, 2013, 2014, 2013, 2014, 2013, 2014, 2013, 2014, 2013, 2014, 2013, 2014, 2013, 2014, 2013, 2014]","[2014, 2014, 2014, 2014, 2014, 2014, 2014, 2014, 2014, 2014, 2014, 2014, 2014, 2014, 2014, 2014]"
144,CairennRhys,16,32,32,0,"[2013, 2014, 2013, 2014, 2013, 2014, 2013, 2014, 2013, 2014, 2013, 2014, 2013, 2014, 2013, 2014, 2013, 2014, 2013, 2014, 2013, 2014, 2013, 2014, 2013, 2014, 2013, 2014, 2013, 2014, 2013, 2014]","[2013, 2014, 2013, 2014, 2013, 2014, 2013, 2014, 2013, 2014, 2013, 2014, 2013, 2014, 2013, 2014, 2013, 2014, 2013, 2014, 2013, 2014, 2013, 2014, 2013, 2014, 2013, 2014, 2013, 2014, 2013, 2014]","[2014, 2014, 2014, 2014, 2014, 2014, 2014, 2014, 2014, 2014, 2014, 2014, 2014, 2014, 2014, 2014]"
145,CairennRhys,16,32,32,0,"[2013, 2014, 2013, 2014, 2013, 2014, 2013, 2014, 2013, 2014, 2013, 2014, 2013, 2014, 2013, 2014, 2013, 2014, 2013, 2014, 2013, 2014, 2013, 2014, 2013, 2014, 2013, 2014, 2013, 2014, 2013, 2014]","[2013, 2014, 2013, 2014, 2013, 2014, 2013, 2014, 2013, 2014, 2013, 2014, 2013, 2014, 2013, 2014, 2013, 2014, 2013, 2014, 2013, 2014, 2013, 2014, 2013, 2014, 2013, 2014, 2013, 2014, 2013, 2014]","[2014, 2014, 2014, 2014, 2014, 2014, 2014, 2014, 2014, 2014, 2014, 2014, 2014, 2014, 2014, 2014]"
146,CairennRhys,16,32,32,0,"[2013, 2014, 2013, 2014, 2013, 2014, 2013, 2014, 2013, 2014, 2013, 2014, 2013, 2014, 2013, 2014, 2013, 2014, 2013, 2014, 2013, 2014, 2013, 2014, 2013, 2014, 2013, 2014, 2013, 2014, 2013, 2014]","[2013, 2014, 2013, 2014, 2013, 2014, 2013, 2014, 2013, 2014, 2013, 2014, 2013, 2014, 2013, 2014, 2013, 2014, 2013, 2014, 2013, 2014, 2013, 2014, 2013, 2014, 2013, 2014, 2013, 2014, 2013, 2014]","[2014, 2014, 2014, 2014, 2014, 2014, 2014, 2014, 2014, 2014, 2014, 2014, 2014, 2014, 2014, 2014]"
147,CairennRhys,16,32,32,0,"[2013, 2014, 2013, 2014, 2013, 2014, 2013, 2014, 2013, 2014, 2013, 2014, 2013, 2014, 2013, 2014, 2013, 2014, 2013, 2014, 2013, 2014, 2013, 2014, 2013, 2014, 2013, 2014, 2013, 2014, 2013, 2014]","[2013, 2014, 2013, 2014, 2013, 2014, 2013, 2014, 2013, 2014, 2013, 2014, 2013, 2014, 2013, 2014, 2013, 2014, 2013, 2014, 2013, 2014, 2013, 2014, 2013, 2014, 2013, 2014, 2013, 2014, 2013, 2014]","[2014, 2014, 2014, 2014, 2014, 2014, 2014, 2014, 2014, 2014, 2014, 2014, 2014, 2014, 2014, 2014]"
148,CairennRhys,16,32,32,0,"[2013, 2014, 2013, 2014, 2013, 2014, 2013, 2014, 2013, 2014, 2013, 2014, 2013, 2014, 2013, 2014, 2013, 2014, 2013, 2014, 2013, 2014, 2013, 2014, 2013, 2014, 2013, 2014, 2013, 2014, 2013, 2014]","[2013, 2014, 2013, 2014, 2013, 2014, 2013, 2014, 2013, 2014, 2013, 2014, 2013, 2014, 2013, 2014, 2013, 2014, 2013, 2014, 2013, 2014, 2013, 2014, 2013, 2014, 2013, 2014, 2013, 2014, 2013, 2014]","[2014, 2014, 2014, 2014, 2014, 2014, 2014, 2014, 2014, 2014, 2014, 2014, 2014, 2014, 2014, 2014]"
149,CairennRhys,16,32,32,0,"[2013, 2014, 2013, 2014, 2013, 2014, 2013, 2014, 2013, 2014, 2013, 2014, 2013, 2014, 2013, 2014, 2013, 2014, 2013, 2014, 2013, 2014, 2013, 2014, 2013, 2014, 2013, 2014, 2013, 2014, 2013, 2014]","[2013, 2014, 2013, 2014, 2013, 2014, 2013, 2014, 2013, 2014, 2013, 2014, 2013, 2014, 2013, 2014, 2013, 2014, 2013, 2014, 2013, 2014, 2013, 2014, 2013, 2014, 2013, 2014, 2013, 2014, 2013, 2014]","[2014, 2014, 2014, 2014, 2014, 2014, 2014, 2014, 2014, 2014, 2014, 2014, 2014, 2014, 2014, 2014]"
150,CairennRhys,16,32,32,0,"[2013, 2014, 2013, 2014, 2013, 2014, 2013, 2014, 2013, 2014, 2013, 2014, 2013, 2014, 2013, 2014, 2013, 2014, 2013, 2014, 2013, 2014, 2013, 2014, 2013, 2014, 2013, 2014, 2013, 2014, 2013, 2014]","[2013, 2014, 2013, 2014, 2013, 2014, 2013, 2014, 2013, 2014, 2013, 2014, 2013, 2014, 2013, 2014, 2013, 2014, 2013, 2014, 2013, 2014, 2013, 2014, 2013, 2014, 2013, 2014, 2013, 2014, 2013, 2014]","[2014, 2014, 2014, 2014, 2014, 2014, 2014, 2014, 2014, 2014, 2014, 2014, 2014, 2014, 2014, 2014]"
151,Caisidorhpa,0,0,1,0,[2011],[],[]
152,CAPav,0,5,5,0,"[2010, 2011, 2012, 2013, 2014]","[2010, 2011, 2012, 2013, 2014]",[]
153,Darkotter's Kosher Bacon,0,2,4,0,"[2011, 2012, 2013, 2014]","[2011, 2012]",[]
154,dlindle,0,0,2,0,"[2012, 2014]",[],[]
155,ElizaWyatt,4,4,7,0,"[2008, 2009, 2010, 2011, 2012, 2013, 2014]","[2008, 2009, 2011, 2012]","[2008, 2009, 2011, 2012]"
156,Frozen_in_Tyme,0,2,3,1,"[2011, 2012, 2013]","[2012, 2013]",[]
157,fyca,5,10,10,0,"[2005, 2006, 2007, 2008, 2009, 2010, 2011, 2012, 2013, 2014]","[2005, 2006, 2007, 2008, 2009, 2010, 2011, 2012, 2013, 2014]","[2006, 2009, 2010, 2011, 2013]"
158,JaxFost,0,0,0,0,[],[],[]
159,jelliott93,0,0,0,0,[],[],[]
160,Jonah ER Loeb,0,0,0,0,[],[],[]
161,Judydawn,0,0,2,0,"[2012, 2013]",[],[]
162,juliawester,0,0,0,0,[],[],[]
163,kalekim,0,0,2,0,"[2011, 2014]",[],[]
164,KinoFou,0,0,0,0,[],[],[]
165,kittypan,0,0,1,0,[2013],[],[]
166,KlaraKim,1,1,1,1,[2014],[2014],[2014]
167,KnottedCord21,0,3,5,0,"[2010, 2011, 2012, 2013, 2014]","[2010, 2012, 2014]",[]
168,LadyJustice,0,0,0,0,[],[],[]
169,lunespark,0,0,1,0,[2014],[],[]
170,MDBrannan,0,0,0,1,[],[],[]
171,Miss Apple,2,0,2,1,"[2011, 2012]",[],"[2011, 2012]"
172,morvegan,0,0,0,0,[],[],[]
173,MrLasers,0,0,0,0,[],[],[]
174,NW_Rose,0,0,0,0,[],[],[]
175,otakubookworm123,0,2,2,0,"[2013, 2014]","[2013, 2014]",[]
176,Tamsin_Silver,0,5,5,0,"[2010, 2011, 2012, 2013, 2014]","[2010, 2011, 2012, 2013, 2014]",[]
177,starleaf,1,2,4,0,"[2008, 2010, 2012, 2013]","[2008, 2013]",[2012]
178,spinflight,4,2,10,0,"[2005, 2006, 2007, 2008, 2009, 2010, 2011, 2012, 2013, 2014]","[2007, 2008]","[2008, 2009, 2010, 2013]"
179,sandersen,2,8,8,0,"[2007, 2008, 2009, 2010, 2011, 2012, 2013, 2014]","[2007, 2008, 2009, 2010, 2011, 2012, 2013, 2014]","[2008, 2011]"
180,russodd,8,8,8,1,"[2007, 2008, 2009, 2010, 2011, 2012, 2013, 2014]","[2007, 2008, 2009, 2010, 2011, 2012, 2013, 2014]","[2007, 2008, 2009, 2010, 2011, 2012, 2013, 2014]"
181,Priscale,0,1,3,0,"[2012, 2013, 2014]",[2012],[]
182,plague,0,2,2,0,"[2013, 2014]","[2013, 2014]",[]
183,Mare9548,0,3,4,0,"[2011, 2012, 2013, 2014]","[2011, 2012, 2013]",[]
184,lilychick,2,0,3,0,"[2011, 2013, 2014]",[],"[2011, 2013]"
185,Lara F,4,4,5,1,"[2010, 2011, 2012, 2013, 2014]","[2011, 2012, 2013, 2014]","[2010, 2011, 2012, 2013]"
186,LadyMage,1,9,9,0,"[2006, 2007, 2008, 2009, 2010, 2011, 2012, 2013, 2014]","[2006, 2007, 2008, 2009, 2010, 2011, 2012, 2013, 2014]",[2011]
187,kapppz,2,4,4,0,"[2010, 2011, 2012, 2013]","[2010, 2011, 2012, 2013]","[2011, 2013]"
188,jrkennedy,2,4,4,1,"[2011, 2012, 2013, 2014]","[2011, 2012, 2013, 2014]","[2011, 2013]"
189,hershele_ostropoler,0,0,4,0,"[2011, 2012, 2013, 2014]",[],[]
190,Gia Shakur,0,1,2,0,"[2012, 2013]",[2012],[]
191,florenceandcalamity,0,0,2,0,"[2013, 2014]",[],[]
192,embereye,6,8,10,1,"[2004, 2005, 2006, 2007, 2009, 2010, 2011, 2012, 2013, 2014]","[2004, 2005, 2006, 2007, 2009, 2010, 2013, 2014]","[2007, 2009, 2010, 2011, 2013, 2014]"
193,Darkscribe,3,8,11,0,"[2004, 2005, 2006, 2007, 2008, 2009, 2010, 2011, 2012, 2013, 2014]","[2007, 2008, 2009, 2010, 2011, 2012, 2013, 2014]","[2008, 2009, 2010]"
194,ClaudyKeira,0,0,1,0,[2011],[],[]
195,cinnamon.quill,0,0,0,0,[],[],[]
196,AxmxZ,0,0,4,0,"[2011, 2012, 2013, 2014]",[],[]
197,aravis,0,0,2,0,"[2011, 2014]",[],[]
198,angusm,4,3,4,1,"[2011, 2012, 2013, 2014]","[2011, 2012, 2013]","[2011, 2012, 2013, 2014]"
199,ksg1981,3,8,8,0,"[2007, 2008, 2009, 2010, 2011, 2012, 2013, 2014]","[2007, 2008, 2009, 2010, 2011, 2012, 2013, 2014]","[2007, 2011, 2012]"
200,thrilleraddict,2,3,3,1,"[2012, 2013, 2014]","[2012, 2013, 2014]","[2013, 2014]"
201,samioni,7,7,7,1,"[2008, 2009, 2010, 2011, 2012, 2013, 2014]","[2008, 2009, 2010, 2011, 2012, 2013, 2014]","[2008, 2009, 2010, 2011, 2012, 2013, 2014]"
202,sacredlove!,0,1,2,0,"[2011, 2014]",[2011],[]
203,rachnmi,1,7,8,0,"[2004, 2007, 2008, 2009, 2010, 2011, 2012, 2014]","[2004, 2007, 2008, 2010, 2011, 2012, 2014]",[2014]
204,PurplePixie,1,2,3,1,"[2011, 2012, 2014]","[2012, 2014]",[2012]
205,Paul Hiscock,4,4,4,1,"[2011, 2012, 2013, 2014]","[2011, 2012, 2013, 2014]","[2011, 2012, 2013, 2014]"
206,Omega1989,4,4,6,0,"[2009, 2010, 2011, 2012, 2013, 2014]","[2009, 2011, 2012, 2013]","[2009, 2011, 2012, 2013]"
207,nudul,0,1,1,0,[2008],[2008],[]
208,NickMB,0,1,3,0,"[2011, 2012, 2013]",[2011],[]
209,NathalieLot,0,0,1,0,[2014],[],[]
210,Mighty Sarbear,1,1,1,0,[2013],[2013],[2013]
211,middleoftheride,0,3,4,0,"[2011, 2012, 2013, 2014]","[2011, 2012, 2013]",[]
212,LXandraS,0,0,3,1,"[2011, 2012, 2014]",[],[]
213,LumpyLex64,0,0,0,0,[],[],[]
214,LouSycamore,0,3,3,0,"[2012, 2013, 2014]","[2012, 2013, 2014]",[]
215,LorelaiSquared,1,4,5,0,"[2009, 2010, 2011, 2012, 2013]","[2010, 2011, 2012, 2013]",[2011]
216,lisashawnz,0,1,1,0,[2014],[2014],[]
217,lisalulu09,0,2,4,0,"[2011, 2012, 2013, 2014]","[2012, 2013]",[]
218,lingrem,2,2,5,0,"[2009, 2010, 2011, 2012, 2013]","[2011, 2012]","[2009, 2010]"
219,Klepsie,0,1,1,0,[2014],[2014],[]
220,kimosabe,0,0,2,0,"[2012, 2013]",[],[]
221,Karmilla,1,4,4,0,"[2009, 2010, 2011, 2013]","[2009, 2010, 2011, 2013]",[2009]
222,Kaleidoscope27,7,12,12,1,"[2003, 2004, 2005, 2006, 2007, 2008, 2009, 2010, 2011, 2012, 2013, 2014]","[2003, 2004, 2005, 2006, 2007, 2008, 2009, 2010, 2011, 2012, 2013, 2014]","[2008, 2009, 2010, 2011, 2012, 2013, 2014]"
223,K.O.KOALA,0,0,0,1,[],[],[]
224,K J Hart,2,3,4,0,"[2011, 2012, 2013, 2014]","[2011, 2012, 2013]","[2012, 2013]"
225,Juliet Stubborn,0,1,3,0,"[2012, 2013, 2014]",[2014],[]
226,jrothwell,0,2,4,0,"[2011, 2012, 2013, 2014]","[2013, 2014]",[]
227,Joan_of_Quark,5,7,7,0,"[2008, 2009, 2010, 2011, 2012, 2013, 2014]","[2008, 2009, 2010, 2011, 2012, 2013, 2014]","[2008, 2009, 2010, 2012, 2014]"
228,Jim Jepps,0,0,0,0,[],[],[]
229,Jerrymouse,0,0,2,0,"[2011, 2012]",[],[]
230,Jenepel,7,8,8,1,"[2007, 2008, 2009, 2010, 2011, 2012, 2013, 2014]","[2007, 2008, 2009, 2010, 2011, 2012, 2013, 2014]","[2007, 2008, 2009, 2010, 2011, 2013, 2014]"
231,JeffDudley,2,2,3,1,"[2011, 2012, 2013]","[2011, 2013]","[2012, 2013]"
232,illraiseyoumine,0,1,2,0,"[2013, 2014]",[2013],[]
233,Ikalx,3,1,5,1,"[2010, 2011, 2012, 2013, 2014]",[2010],"[2010, 2011, 2014]"
234,fairyhedgehog,9,7,10,1,"[2004, 2006, 2007, 2008, 2009, 2010, 2011, 2012, 2013, 2014]","[2004, 2006, 2007, 2009, 2010, 2011, 2012]","[2006, 2007, 2008, 2009, 2010, 2011, 2012, 2013, 2014]"
235,Erika Sugar,0,0,0,0,[],[],[]
236,Elyzab,2,5,7,0,"[2008, 2009, 2010, 2011, 2012, 2013, 2014]","[2008, 2009, 2010, 2011, 2013]","[2010, 2011]"
237,dtravner,1,4,6,0,"[2009, 2010, 2011, 2012, 2013, 2014]","[2009, 2010, 2011, 2013]",[2009]
238,devilgate,0,0,4,0,"[2011, 2012, 2013, 2014]",[],[]
239,Detective Prince,0,3,3,0,"[2012, 2013, 2014]","[2012, 2013, 2014]",[]
240,delorfinde,4,6,6,0,"[2009, 2010, 2011, 2012, 2013, 2014]","[2009, 2010, 2011, 2012, 2013, 2014]","[2010, 2011, 2012, 2013]"
241,darklioness82,1,3,5,1,"[2010, 2011, 2012, 2013, 2014]","[2011, 2012, 2014]",[2014]
242,christinahcare,0,0,0,0,[],[],[]
243,Chris Baty,3,4,4,1,"[2011, 2012, 2013, 2014]","[2011, 2012, 2013, 2014]","[2011, 2012, 2014]"
244,chanters,1,3,6,0,"[2009, 2010, 2011, 2012, 2013, 2014]","[2009, 2010, 2011]",[2013]
245,CarlieD,3,3,4,0,"[2011, 2012, 2013, 2014]","[2011, 2012, 2013]","[2011, 2012, 2013]"
246,brown.eyed-kid,1,2,4,0,"[2009, 2012, 2013, 2014]","[2009, 2012]",[2013]
247,Blue Amber,0,0,2,1,"[2011, 2013]",[],[]
248,beanchica1959,4,14,14,1,"[2001, 2002, 2003, 2004, 2005, 2006, 2007, 2008, 2009, 2010, 2011, 2012, 2013, 2014]","[2001, 2002, 2003, 2004, 2005, 2006, 2007, 2008, 2009, 2010, 2011, 2012, 2013, 2014]","[2007, 2012, 2013, 2014]"
249,BBQColin,1,1,3,0,"[2011, 2013, 2014]",[2013],[2014]
250,Balladeer,0,32,32,0,"[2013, 2014, 2013, 2014, 2013, 2014, 2013, 2014, 2013, 2014, 2013, 2014, 2013, 2014, 2013, 2014, 2013, 2014, 2013, 2014, 2013, 2014, 2013, 2014, 2013, 2014, 2013, 2014, 2013, 2014, 2013, 2014]","[2013, 2014, 2013, 2014, 2013, 2014, 2013, 2014, 2013, 2014, 2013, 2014, 2013, 2014, 2013, 2014, 2013, 2014, 2013, 2014, 2013, 2014, 2013, 2014, 2013, 2014, 2013, 2014, 2013, 2014, 2013, 2014]",[]
251,Balladeer,0,32,32,0,"[2013, 2014, 2013, 2014, 2013, 2014, 2013, 2014, 2013, 2014, 2013, 2014, 2013, 2014, 2013, 2014, 2013, 2014, 2013, 2014, 2013, 2014, 2013, 2014, 2013, 2014, 2013, 2014, 2013, 2014, 2013, 2014]","[2013, 2014, 2013, 2014, 2013, 2014, 2013, 2014, 2013, 2014, 2013, 2014, 2013, 2014, 2013, 2014, 2013, 2014, 2013, 2014, 2013, 2014, 2013, 2014, 2013, 2014, 2013, 2014, 2013, 2014, 2013, 2014]",[]
252,Balladeer,0,32,32,0,"[2013, 2014, 2013, 2014, 2013, 2014, 2013, 2014, 2013, 2014, 2013, 2014, 2013, 2014, 2013, 2014, 2013, 2014, 2013, 2014, 2013, 2014, 2013, 2014, 2013, 2014, 2013, 2014, 2013, 2014, 2013, 2014]","[2013, 2014, 2013, 2014, 2013, 2014, 2013, 2014, 2013, 2014, 2013, 2014, 2013, 2014, 2013, 2014, 2013, 2014, 2013, 2014, 2013, 2014, 2013, 2014, 2013, 2014, 2013, 2014, 2013, 2014, 2013, 2014]",[]
253,Balladeer,0,32,32,0,"[2013, 2014, 2013, 2014, 2013, 2014, 2013, 2014, 2013, 2014, 2013, 2014, 2013, 2014, 2013, 2014, 2013, 2014, 2013, 2014, 2013, 2014, 2013, 2014, 2013, 2014, 2013, 2014, 2013, 2014, 2013, 2014]","[2013, 2014, 2013, 2014, 2013, 2014, 2013, 2014, 2013, 2014, 2013, 2014, 2013, 2014, 2013, 2014, 2013, 2014, 2013, 2014, 2013, 2014, 2013, 2014, 2013, 2014, 2013, 2014, 2013, 2014, 2013, 2014]",[]
254,Balladeer,0,32,32,0,"[2013, 2014, 2013, 2014, 2013, 2014, 2013, 2014, 2013, 2014, 2013, 2014, 2013, 2014, 2013, 2014, 2013, 2014, 2013, 2014, 2013, 2014, 2013, 2014, 2013, 2014, 2013, 2014, 2013, 2014, 2013, 2014]","[2013, 2014, 2013, 2014, 2013, 2014, 2013, 2014, 2013, 2014, 2013, 2014, 2013, 2014, 2013, 2014, 2013, 2014, 2013, 2014, 2013, 2014, 2013, 2014, 2013, 2014, 2013, 2014, 2013, 2014, 2013, 2014]",[]
255,Balladeer,0,32,32,0,"[2013, 2014, 2013, 2014, 2013, 2014, 2013, 2014, 2013, 2014, 2013, 2014, 2013, 2014, 2013, 2014, 2013, 2014, 2013, 2014, 2013, 2014, 2013, 2014, 2013, 2014, 2013, 2014, 2013, 2014, 2013, 2014]","[2013, 2014, 2013, 2014, 2013, 2014, 2013, 2014, 2013, 2014, 2013, 2014, 2013, 2014, 2013, 2014, 2013, 2014, 2013, 2014, 2013, 2014, 2013, 2014, 2013, 2014, 2013, 2014, 2013, 2014, 2013, 2014]",[]
256,Balladeer,0,32,32,0,"[2013, 2014, 2013, 2014, 2013, 2014, 2013, 2014, 2013, 2014, 2013, 2014, 2013, 2014, 2013, 2014, 2013, 2014, 2013, 2014, 2013, 2014, 2013, 2014, 2013, 2014, 2013, 2014, 2013, 2014, 2013, 2014]","[2013, 2014, 2013, 2014, 2013, 2014, 2013, 2014, 2013, 2014, 2013, 2014, 2013, 2014, 2013, 2014, 2013, 2014, 2013, 2014, 2013, 2014, 2013, 2014, 2013, 2014, 2013, 2014, 2013, 2014, 2013, 2014]",[]
257,Balladeer,0,32,32,0,"[2013, 2014, 2013, 2014, 2013, 2014, 2013, 2014, 2013, 2014, 2013, 2014, 2013, 2014, 2013, 2014, 2013, 2014, 2013, 2014, 2013, 2014, 2013, 2014, 2013, 2014, 2013, 2014, 2013, 2014, 2013, 2014]","[2013, 2014, 2013, 2014, 2013, 2014, 2013, 2014, 2013, 2014, 2013, 2014, 2013, 2014, 2013, 2014, 2013, 2014, 2013, 2014, 2013, 2014, 2013, 2014, 2013, 2014, 2013, 2014, 2013, 2014, 2013, 2014]",[]
258,Asphodele,6,5,7,1,"[2008, 2009, 2010, 2011, 2012, 2013, 2014]","[2008, 2009, 2010, 2012, 2013]","[2009, 2010, 2011, 2012, 2013, 2014]"
259,AnnG,1,2,4,0,"[2011, 2012, 2013, 2014]","[2011, 2013]",[2012]
260,AmberMeyer,1,1,2,0,"[2013, 2014]",[2013],[2013]
261,Zirkin,0,3,4,0,"[2011, 2012, 2013, 2014]","[2012, 2013, 2014]",[]
262,Zinzol,1,1,1,0,[2014],[2014],[2014]
263,Zina Blomber,0,0,0,0,[],[],[]
264,Zagreos,0,0,0,0,[],[],[]
265,Yzabel,0,8,9,0,"[2005, 2006, 2007, 2009, 2010, 2011, 2012, 2013, 2014]","[2005, 2007, 2009, 2010, 2011, 2012, 2013, 2014]",[]
266,Yuzetsuki,0,1,1,0,[2014],[2014],[]
267,Yume ka Mage,0,0,4,0,"[2011, 2012, 2013, 2014]",[],[]
268,You learn to live and die and then to live,0,1,1,0,[2014],[2014],[]
269,Xanadudelamare,0,3,4,0,"[2009, 2011, 2013, 2014]","[2009, 2011, 2013]",[]
270,Wombatkoon,3,1,3,0,"[2012, 2013, 2014]",[2012],"[2012, 2013, 2014]"
271,Wolburgh,0,0,0,0,[],[],[]
272,webcomix,3,3,4,1,"[2010, 2012, 2013, 2014]","[2012, 2013, 2014]","[2012, 2013, 2014]"
273,Walktapus bis,0,0,2,1,"[2011, 2012]",[],[]
274,Vleg,0,1,1,0,[2014],[2014],[]
275,vivi4,0,0,0,0,[],[],[]
276,Violeen,0,0,0,0,[],[],[]
277,Vilyajade,2,5,5,1,"[2010, 2011, 2012, 2013, 2014]","[2010, 2011, 2012, 2013, 2014]","[2012, 2014]"
278,UrsaMaritima,0,0,3,0,"[2012, 2013, 2014]",[],[]
279,Unseelie Ashbless,1,2,2,0,"[2013, 2014]","[2013, 2014]",[2014]
280,UltraChilly,0,1,1,0,[2013],[2013],[]
281,tuttyFruity,0,0,0,0,[],[],[]
282,Ttie,5,4,5,1,"[2010, 2011, 2012, 2013, 2014]","[2010, 2011, 2012, 2014]","[2010, 2011, 2012, 2013, 2014]"
283,Tristan Morlas,0,1,1,0,[2014],[2014],[]
284,Trikopp,0,0,0,0,[],[],[]
285,The Sullen Captain,0,0,0,0,[],[],[]
286,TerresDeBrume,0,1,2,0,"[2012, 2014]",[2014],[]
287,Teneombre,0,3,3,0,"[2012, 2013, 2014]","[2012, 2013, 2014]",[]
288,tchaymz,0,0,1,0,[2014],[],[]
289,Sylvne,0,0,1,0,[2014],[],[]
290,Sylphe,0,1,1,0,[2013],[2013],[]
291,Syderia,2,7,9,0,"[2006, 2007, 2008, 2009, 2010, 2011, 2012, 2013, 2014]","[2006, 2007, 2009, 2010, 2011, 2012, 2013]","[2009, 2010]"
292,Svetlana Desmon,2,3,4,1,"[2010, 2011, 2012, 2013]","[2010, 2011, 2012]","[2012, 2013]"
293,Sunshine_md,0,1,2,0,"[2013, 2014]",[2014],[]
294,Stinou,0,2,2,0,"[2013, 2014]","[2013, 2014]",[]
295,stendhalsyndrome,0,0,1,0,[2014],[],[]
296,spalven,3,7,9,1,"[2004, 2005, 2006, 2009, 2010, 2011, 2012, 2013, 2014]","[2004, 2005, 2010, 2011, 2012, 2013, 2014]","[2012, 2013, 2014]"
297,Sophie Ekwo,1,1,1,1,[2014],[2014],[2014]
298,Sophia Humbert,0,1,1,0,[2014],[2014],[]
299,Soniaf,1,1,1,0,[2014],[2014],[2014]
300,Sombral,0,0,0,0,[],[],[]
301,Solibear,1,1,1,1,[2014],[2014],[2014]
302,Solamades,2,5,5,1,"[2010, 2011, 2012, 2013, 2014]","[2010, 2011, 2012, 2013, 2014]","[2010, 2013]"
303,Silybum,0,0,0,0,[],[],[]
304,Silo,0,0,1,0,[2012],[],[]
305,Shuu,1,3,5,1,"[2010, 2011, 2012, 2013, 2014]","[2010, 2012, 2013]",[2012]
306,Shikaya,0,0,0,0,[],[],[]
307,Senekata,0,2,2,1,"[2010, 2011]","[2010, 2011]",[]
308,Selma Bodwinger,0,0,0,0,[],[],[]
309,Seija,0,1,2,0,"[2013, 2014]",[2014],[]
310,Scylite,0,0,0,0,[],[],[]
311,Scribantrope,0,0,1,0,[2013],[],[]
312,Scott Green,0,0,0,0,[],[],[]
313,scarlett in wonderland,1,1,1,0,[2014],[2014],[2014]
314,Saschka,0,2,4,0,"[2011, 2012, 2013, 2014]","[2011, 2012]",[]
315,Sarisarounette,0,0,0,0,[],[],[]
316,Sarah Moan,0,1,2,0,"[2013, 2014]",[2014],[]
317,Sandinea,0,0,0,0,[],[],[]
318,Sance,0,0,0,0,[],[],[]
319,Saintemew,2,3,6,1,"[2009, 2010, 2011, 2012, 2013, 2014]","[2009, 2011, 2013]","[2013, 2014]"
320,Saint-Sans,0,0,0,0,[],[],[]
321,Ryin,0,0,3,0,"[2012, 2013, 2014]",[],[]
322,RobinLane,0,0,0,0,[],[],[]
323,riverSud,0,0,1,0,[2014],[],[]
324,reallysuperneat,4,9,9,1,"[2006, 2007, 2008, 2009, 2010, 2011, 2012, 2013, 2014]","[2006, 2007, 2008, 2009, 2010, 2011, 2012, 2013, 2014]","[2006, 2007, 2011, 2012]"
325,rahmatou sangotte,0,1,2,0,"[2012, 2013]",[2012],[]
326,QueenCassie,0,2,3,0,"[2012, 2013, 2014]","[2012, 2014]",[]
327,Quod,0,0,1,0,[2013],[],[]
328,smwalter,6,4,7,1,"[2007, 2009, 2010, 2011, 2012, 2013, 2014]","[2007, 2010, 2011, 2014]","[2007, 2009, 2010, 2011, 2012, 2014]"
329,theinfernumflame,4,6,10,0,"[2004, 2006, 2007, 2008, 2009, 2010, 2011, 2012, 2013, 2014]","[2006, 2007, 2008, 2009, 2010, 2013]","[2007, 2008, 2009, 2010]"
330,slrphebos,1,7,8,0,"[2007, 2008, 2009, 2010, 2011, 2012, 2013, 2014]","[2008, 2009, 2010, 2011, 2012, 2013, 2014]",[2014]
331,Ohwriting,0,0,0,0,[],[],[]
332,Lofweir,16,96,96,1,"[2009, 2010, 2011, 2012, 2013, 2014, 2009, 2010, 2011, 2012, 2013, 2014, 2009, 2010, 2011, 2012, 2013, 2014, 2009, 2010, 2011, 2012, 2013, 2014, 2009, 2010, 2011, 2012, 2013, 2014, 2009, 2010, 2011, 2012, 2013, 2014, 2009, 2010, 2011, 2012, 2013, 2014, 2009, 2010, 2011, 2012, 2013, 2014, 2009, 2010, 2011, 2012, 2013, 2014, 2009, 2010, 2011, 2012, 2013, 2014, 2009, 2010, 2011, 2012, 2013, 2014, 2009, 2010, 2011, 2012, 2013, 2014, 2009, 2010, 2011, 2012, 2013, 2014, 2009, 2010, 2011, 2012, 2013, 2014, 2009, 2010, 2011, 2012, 2013, 2014, 2009, 2010, 2011, 2012, 2013, 2014]","[2009, 2010, 2011, 2012, 2013, 2014, 2009, 2010, 2011, 2012, 2013, 2014, 2009, 2010, 2011, 2012, 2013, 2014, 2009, 2010, 2011, 2012, 2013, 2014, 2009, 2010, 2011, 2012, 2013, 2014, 2009, 2010, 2011, 2012, 2013, 2014, 2009, 2010, 2011, 2012, 2013, 2014, 2009, 2010, 2011, 2012, 2013, 2014, 2009, 2010, 2011, 2012, 2013, 2014, 2009, 2010, 2011, 2012, 2013, 2014, 2009, 2010, 2011, 2012, 2013, 2014, 2009, 2010, 2011, 2012, 2013, 2014, 2009, 2010, 2011, 2012, 2013, 2014, 2009, 2010, 2011, 2012, 2013, 2014, 2009, 2010, 2011, 2012, 2013, 2014, 2009, 2010, 2011, 2012, 2013, 2014]","[2011, 2011, 2011, 2011, 2011, 2011, 2011, 2011, 2011, 2011, 2011, 2011, 2011, 2011, 2011, 2011]"
333,Lofweir,16,96,96,1,"[2009, 2010, 2011, 2012, 2013, 2014, 2009, 2010, 2011, 2012, 2013, 2014, 2009, 2010, 2011, 2012, 2013, 2014, 2009, 2010, 2011, 2012, 2013, 2014, 2009, 2010, 2011, 2012, 2013, 2014, 2009, 2010, 2011, 2012, 2013, 2014, 2009, 2010, 2011, 2012, 2013, 2014, 2009, 2010, 2011, 2012, 2013, 2014, 2009, 2010, 2011, 2012, 2013, 2014, 2009, 2010, 2011, 2012, 2013, 2014, 2009, 2010, 2011, 2012, 2013, 2014, 2009, 2010, 2011, 2012, 2013, 2014, 2009, 2010, 2011, 2012, 2013, 2014, 2009, 2010, 2011, 2012, 2013, 2014, 2009, 2010, 2011, 2012, 2013, 2014, 2009, 2010, 2011, 2012, 2013, 2014]","[2009, 2010, 2011, 2012, 2013, 2014, 2009, 2010, 2011, 2012, 2013, 2014, 2009, 2010, 2011, 2012, 2013, 2014, 2009, 2010, 2011, 2012, 2013, 2014, 2009, 2010, 2011, 2012, 2013, 2014, 2009, 2010, 2011, 2012, 2013, 2014, 2009, 2010, 2011, 2012, 2013, 2014, 2009, 2010, 2011, 2012, 2013, 2014, 2009, 2010, 2011, 2012, 2013, 2014, 2009, 2010, 2011, 2012, 2013, 2014, 2009, 2010, 2011, 2012, 2013, 2014, 2009, 2010, 2011, 2012, 2013, 2014, 2009, 2010, 2011, 2012, 2013, 2014, 2009, 2010, 2011, 2012, 2013, 2014, 2009, 2010, 2011, 2012, 2013, 2014, 2009, 2010, 2011, 2012, 2013, 2014]","[2011, 2011, 2011, 2011, 2011, 2011, 2011, 2011, 2011, 2011, 2011, 2011, 2011, 2011, 2011, 2011]"
334,Lofweir,16,96,96,1,"[2009, 2010, 2011, 2012, 2013, 2014, 2009, 2010, 2011, 2012, 2013, 2014, 2009, 2010, 2011, 2012, 2013, 2014, 2009, 2010, 2011, 2012, 2013, 2014, 2009, 2010, 2011, 2012, 2013, 2014, 2009, 2010, 2011, 2012, 2013, 2014, 2009, 2010, 2011, 2012, 2013, 2014, 2009, 2010, 2011, 2012, 2013, 2014, 2009, 2010, 2011, 2012, 2013, 2014, 2009, 2010, 2011, 2012, 2013, 2014, 2009, 2010, 2011, 2012, 2013, 2014, 2009, 2010, 2011, 2012, 2013, 2014, 2009, 2010, 2011, 2012, 2013, 2014, 2009, 2010, 2011, 2012, 2013, 2014, 2009, 2010, 2011, 2012, 2013, 2014, 2009, 2010, 2011, 2012, 2013, 2014]","[2009, 2010, 2011, 2012, 2013, 2014, 2009, 2010, 2011, 2012, 2013, 2014, 2009, 2010, 2011, 2012, 2013, 2014, 2009, 2010, 2011, 2012, 2013, 2014, 2009, 2010, 2011, 2012, 2013, 2014, 2009, 2010, 2011, 2012, 2013, 2014, 2009, 2010, 2011, 2012, 2013, 2014, 2009, 2010, 2011, 2012, 2013, 2014, 2009, 2010, 2011, 2012, 2013, 2014, 2009, 2010, 2011, 2012, 2013, 2014, 2009, 2010, 2011, 2012, 2013, 2014, 2009, 2010, 2011, 2012, 2013, 2014, 2009, 2010, 2011, 2012, 2013, 2014, 2009, 2010, 2011, 2012, 2013, 2014, 2009, 2010, 2011, 2012, 2013, 2014, 2009, 2010, 2011, 2012, 2013, 2014]","[2011, 2011, 2011, 2011, 2011, 2011, 2011, 2011, 2011, 2011, 2011, 2011, 2011, 2011, 2011, 2011]"
335,Lofweir,16,96,96,1,"[2009, 2010, 2011, 2012, 2013, 2014, 2009, 2010, 2011, 2012, 2013, 2014, 2009, 2010, 2011, 2012, 2013, 2014, 2009, 2010, 2011, 2012, 2013, 2014, 2009, 2010, 2011, 2012, 2013, 2014, 2009, 2010, 2011, 2012, 2013, 2014, 2009, 2010, 2011, 2012, 2013, 2014, 2009, 2010, 2011, 2012, 2013, 2014, 2009, 2010, 2011, 2012, 2013, 2014, 2009, 2010, 2011, 2012, 2013, 2014, 2009, 2010, 2011, 2012, 2013, 2014, 2009, 2010, 2011, 2012, 2013, 2014, 2009, 2010, 2011, 2012, 2013, 2014, 2009, 2010, 2011, 2012, 2013, 2014, 2009, 2010, 2011, 2012, 2013, 2014, 2009, 2010, 2011, 2012, 2013, 2014]","[2009, 2010, 2011, 2012, 2013, 2014, 2009, 2010, 2011, 2012, 2013, 2014, 2009, 2010, 2011, 2012, 2013, 2014, 2009, 2010, 2011, 2012, 2013, 2014, 2009, 2010, 2011, 2012, 2013, 2014, 2009, 2010, 2011, 2012, 2013, 2014, 2009, 2010, 2011, 2012, 2013, 2014, 2009, 2010, 2011, 2012, 2013, 2014, 2009, 2010, 2011, 2012, 2013, 2014, 2009, 2010, 2011, 2012, 2013, 2014, 2009, 2010, 2011, 2012, 2013, 2014, 2009, 2010, 2011, 2012, 2013, 2014, 2009, 2010, 2011, 2012, 2013, 2014, 2009, 2010, 2011, 2012, 2013, 2014, 2009, 2010, 2011, 2012, 2013, 2014, 2009, 2010, 2011, 2012, 2013, 2014]","[2011, 2011, 2011, 2011, 2011, 2011, 2011, 2011, 2011, 2011, 2011, 2011, 2011, 2011, 2011, 2011]"
336,Lofweir,16,96,96,1,"[2009, 2010, 2011, 2012, 2013, 2014, 2009, 2010, 2011, 2012, 2013, 2014, 2009, 2010, 2011, 2012, 2013, 2014, 2009, 2010, 2011, 2012, 2013, 2014, 2009, 2010, 2011, 2012, 2013, 2014, 2009, 2010, 2011, 2012, 2013, 2014, 2009, 2010, 2011, 2012, 2013, 2014, 2009, 2010, 2011, 2012, 2013, 2014, 2009, 2010, 2011, 2012, 2013, 2014, 2009, 2010, 2011, 2012, 2013, 2014, 2009, 2010, 2011, 2012, 2013, 2014, 2009, 2010, 2011, 2012, 2013, 2014, 2009, 2010, 2011, 2012, 2013, 2014, 2009, 2010, 2011, 2012, 2013, 2014, 2009, 2010, 2011, 2012, 2013, 2014, 2009, 2010, 2011, 2012, 2013, 2014]","[2009, 2010, 2011, 2012, 2013, 2014, 2009, 2010, 2011, 2012, 2013, 2014, 2009, 2010, 2011, 2012, 2013, 2014, 2009, 2010, 2011, 2012, 2013, 2014, 2009, 2010, 2011, 2012, 2013, 2014, 2009, 2010, 2011, 2012, 2013, 2014, 2009, 2010, 2011, 2012, 2013, 2014, 2009, 2010, 2011, 2012, 2013, 2014, 2009, 2010, 2011, 2012, 2013, 2014, 2009, 2010, 2011, 2012, 2013, 2014, 2009, 2010, 2011, 2012, 2013, 2014, 2009, 2010, 2011, 2012, 2013, 2014, 2009, 2010, 2011, 2012, 2013, 2014, 2009, 2010, 2011, 2012, 2013, 2014, 2009, 2010, 2011, 2012, 2013, 2014, 2009, 2010, 2011, 2012, 2013, 2014]","[2011, 2011, 2011, 2011, 2011, 2011, 2011, 2011, 2011, 2011, 2011, 2011, 2011, 2011, 2011, 2011]"
337,Lofweir,16,96,96,1,"[2009, 2010, 2011, 2012, 2013, 2014, 2009, 2010, 2011, 2012, 2013, 2014, 2009, 2010, 2011, 2012, 2013, 2014, 2009, 2010, 2011, 2012, 2013, 2014, 2009, 2010, 2011, 2012, 2013, 2014, 2009, 2010, 2011, 2012, 2013, 2014, 2009, 2010, 2011, 2012, 2013, 2014, 2009, 2010, 2011, 2012, 2013, 2014, 2009, 2010, 2011, 2012, 2013, 2014, 2009, 2010, 2011, 2012, 2013, 2014, 2009, 2010, 2011, 2012, 2013, 2014, 2009, 2010, 2011, 2012, 2013, 2014, 2009, 2010, 2011, 2012, 2013, 2014, 2009, 2010, 2011, 2012, 2013, 2014, 2009, 2010, 2011, 2012, 2013, 2014, 2009, 2010, 2011, 2012, 2013, 2014]","[2009, 2010, 2011, 2012, 2013, 2014, 2009, 2010, 2011, 2012, 2013, 2014, 2009, 2010, 2011, 2012, 2013, 2014, 2009, 2010, 2011, 2012, 2013, 2014, 2009, 2010, 2011, 2012, 2013, 2014, 2009, 2010, 2011, 2012, 2013, 2014, 2009, 2010, 2011, 2012, 2013, 2014, 2009, 2010, 2011, 2012, 2013, 2014, 2009, 2010, 2011, 2012, 2013, 2014, 2009, 2010, 2011, 2012, 2013, 2014, 2009, 2010, 2011, 2012, 2013, 2014, 2009, 2010, 2011, 2012, 2013, 2014, 2009, 2010, 2011, 2012, 2013, 2014, 2009, 2010, 2011, 2012, 2013, 2014, 2009, 2010, 2011, 2012, 2013, 2014, 2009, 2010, 2011, 2012, 2013, 2014]","[2011, 2011, 2011, 2011, 2011, 2011, 2011, 2011, 2011, 2011, 2011, 2011, 2011, 2011, 2011, 2011]"
338,Lofweir,16,96,96,1,"[2009, 2010, 2011, 2012, 2013, 2014, 2009, 2010, 2011, 2012, 2013, 2014, 2009, 2010, 2011, 2012, 2013, 2014, 2009, 2010, 2011, 2012, 2013, 2014, 2009, 2010, 2011, 2012, 2013, 2014, 2009, 2010, 2011, 2012, 2013, 2014, 2009, 2010, 2011, 2012, 2013, 2014, 2009, 2010, 2011, 2012, 2013, 2014, 2009, 2010, 2011, 2012, 2013, 2014, 2009, 2010, 2011, 2012, 2013, 2014, 2009, 2010, 2011, 2012, 2013, 2014, 2009, 2010, 2011, 2012, 2013, 2014, 2009, 2010, 2011, 2012, 2013, 2014, 2009, 2010, 2011, 2012, 2013, 2014, 2009, 2010, 2011, 2012, 2013, 2014, 2009, 2010, 2011, 2012, 2013, 2014]","[2009, 2010, 2011, 2012, 2013, 2014, 2009, 2010, 2011, 2012, 2013, 2014, 2009, 2010, 2011, 2012, 2013, 2014, 2009, 2010, 2011, 2012, 2013, 2014, 2009, 2010, 2011, 2012, 2013, 2014, 2009, 2010, 2011, 2012, 2013, 2014, 2009, 2010, 2011, 2012, 2013, 2014, 2009, 2010, 2011, 2012, 2013, 2014, 2009, 2010, 2011, 2012, 2013, 2014, 2009, 2010, 2011, 2012, 2013, 2014, 2009, 2010, 2011, 2012, 2013, 2014, 2009, 2010, 2011, 2012, 2013, 2014, 2009, 2010, 2011, 2012, 2013, 2014, 2009, 2010, 2011, 2012, 2013, 2014, 2009, 2010, 2011, 2012, 2013, 2014, 2009, 2010, 2011, 2012, 2013, 2014]","[2011, 2011, 2011, 2011, 2011, 2011, 2011, 2011, 2011, 2011, 2011, 2011, 2011, 2011, 2011, 2011]"
339,Lofweir,16,96,96,1,"[2009, 2010, 2011, 2012, 2013, 2014, 2009, 2010, 2011, 2012, 2013, 2014, 2009, 2010, 2011, 2012, 2013, 2014, 2009, 2010, 2011, 2012, 2013, 2014, 2009, 2010, 2011, 2012, 2013, 2014, 2009, 2010, 2011, 2012, 2013, 2014, 2009, 2010, 2011, 2012, 2013, 2014, 2009, 2010, 2011, 2012, 2013, 2014, 2009, 2010, 2011, 2012, 2013, 2014, 2009, 2010, 2011, 2012, 2013, 2014, 2009, 2010, 2011, 2012, 2013, 2014, 2009, 2010, 2011, 2012, 2013, 2014, 2009, 2010, 2011, 2012, 2013, 2014, 2009, 2010, 2011, 2012, 2013, 2014, 2009, 2010, 2011, 2012, 2013, 2014, 2009, 2010, 2011, 2012, 2013, 2014]","[2009, 2010, 2011, 2012, 2013, 2014, 2009, 2010, 2011, 2012, 2013, 2014, 2009, 2010, 2011, 2012, 2013, 2014, 2009, 2010, 2011, 2012, 2013, 2014, 2009, 2010, 2011, 2012, 2013, 2014, 2009, 2010, 2011, 2012, 2013, 2014, 2009, 2010, 2011, 2012, 2013, 2014, 2009, 2010, 2011, 2012, 2013, 2014, 2009, 2010, 2011, 2012, 2013, 2014, 2009, 2010, 2011, 2012, 2013, 2014, 2009, 2010, 2011, 2012, 2013, 2014, 2009, 2010, 2011, 2012, 2013, 2014, 2009, 2010, 2011, 2012, 2013, 2014, 2009, 2010, 2011, 2012, 2013, 2014, 2009, 2010, 2011, 2012, 2013, 2014, 2009, 2010, 2011, 2012, 2013, 2014]","[2011, 2011, 2011, 2011, 2011, 2011, 2011, 2011, 2011, 2011, 2011, 2011, 2011, 2011, 2011, 2011]"
340,Lady Quetzalcoatl,4,4,4,1,"[2011, 2012, 2013, 2014]","[2011, 2012, 2013, 2014]","[2011, 2012, 2013, 2014]"
341,expatrie,32,112,128,0,"[2007, 2008, 2009, 2010, 2011, 2012, 2013, 2014, 2007, 2008, 2009, 2010, 2011, 2012, 2013, 2014, 2007, 2008, 2009, 2010, 2011, 2012, 2013, 2014, 2007, 2008, 2009, 2010, 2011, 2012, 2013, 2014, 2007, 2008, 2009, 2010, 2011, 2012, 2013, 2014, 2007, 2008, 2009, 2010, 2011, 2012, 2013, 2014, 2007, 2008, 2009, 2010, 2011, 2012, 2013, 2014, 2007, 2008, 2009, 2010, 2011, 2012, 2013, 2014, 2007, 2008, 2009, 2010, 2011, 2012, 2013, 2014, 2007, 2008, 2009, 2010, 2011, 2012, 2013, 2014, 2007, 2008, 2009, 2010, 2011, 2012, 2013, 2014, 2007, 2008, 2009, 2010, 2011, 2012, 2013, 2014, 2007, 2008, 2009, 2010, 2011, 2012, 2013, 2014, 2007, 2008, 2009, 2010, 2011, 2012, 2013, 2014, 2007, 2008, 2009, 2010, 2011, 2012, 2013, 2014, 2007, 2008, 2009, 2010, 2011, 2012, 2013, 2014]","[2007, 2008, 2009, 2010, 2011, 2013, 2014, 2007, 2008, 2009, 2010, 2011, 2013, 2014, 2007, 2008, 2009, 2010, 2011, 2013, 2014, 2007, 2008, 2009, 2010, 2011, 2013, 2014, 2007, 2008, 2009, 2010, 2011, 2013, 2014, 2007, 2008, 2009, 2010, 2011, 2013, 2014, 2007, 2008, 2009, 2010, 2011, 2013, 2014, 2007, 2008, 2009, 2010, 2011, 2013, 2014, 2007, 2008, 2009, 2010, 2011, 2013, 2014, 2007, 2008, 2009, 2010, 2011, 2013, 2014, 2007, 2008, 2009, 2010, 2011, 2013, 2014, 2007, 2008, 2009, 2010, 2011, 2013, 2014, 2007, 2008, 2009, 2010, 2011, 2013, 2014, 2007, 2008, 2009, 2010, 2011, 2013, 2014, 2007, 2008, 2009, 2010, 2011, 2013, 2014, 2007, 2008, 2009, 2010, 2011, 2013, 2014]","[2009, 2014, 2009, 2014, 2009, 2014, 2009, 2014, 2009, 2014, 2009, 2014, 2009, 2014, 2009, 2014, 2009, 2014, 2009, 2014, 2009, 2014, 2009, 2014, 2009, 2014, 2009, 2014, 2009, 2014, 2009, 2014]"
342,expatrie,32,112,128,0,"[2007, 2008, 2009, 2010, 2011, 2012, 2013, 2014, 2007, 2008, 2009, 2010, 2011, 2012, 2013, 2014, 2007, 2008, 2009, 2010, 2011, 2012, 2013, 2014, 2007, 2008, 2009, 2010, 2011, 2012, 2013, 2014, 2007, 2008, 2009, 2010, 2011, 2012, 2013, 2014, 2007, 2008, 2009, 2010, 2011, 2012, 2013, 2014, 2007, 2008, 2009, 2010, 2011, 2012, 2013, 2014, 2007, 2008, 2009, 2010, 2011, 2012, 2013, 2014, 2007, 2008, 2009, 2010, 2011, 2012, 2013, 2014, 2007, 2008, 2009, 2010, 2011, 2012, 2013, 2014, 2007, 2008, 2009, 2010, 2011, 2012, 2013, 2014, 2007, 2008, 2009, 2010, 2011, 2012, 2013, 2014, 2007, 2008, 2009, 2010, 2011, 2012, 2013, 2014, 2007, 2008, 2009, 2010, 2011, 2012, 2013, 2014, 2007, 2008, 2009, 2010, 2011, 2012, 2013, 2014, 2007, 2008, 2009, 2010, 2011, 2012, 2013, 2014]","[2007, 2008, 2009, 2010, 2011, 2013, 2014, 2007, 2008, 2009, 2010, 2011, 2013, 2014, 2007, 2008, 2009, 2010, 2011, 2013, 2014, 2007, 2008, 2009, 2010, 2011, 2013, 2014, 2007, 2008, 2009, 2010, 2011, 2013, 2014, 2007, 2008, 2009, 2010, 2011, 2013, 2014, 2007, 2008, 2009, 2010, 2011, 2013, 2014, 2007, 2008, 2009, 2010, 2011, 2013, 2014, 2007, 2008, 2009, 2010, 2011, 2013, 2014, 2007, 2008, 2009, 2010, 2011, 2013, 2014, 2007, 2008, 2009, 2010, 2011, 2013, 2014, 2007, 2008, 2009, 2010, 2011, 2013, 2014, 2007, 2008, 2009, 2010, 2011, 2013, 2014, 2007, 2008, 2009, 2010, 2011, 2013, 2014, 2007, 2008, 2009, 2010, 2011, 2013, 2014, 2007, 2008, 2009, 2010, 2011, 2013, 2014]","[2009, 2014, 2009, 2014, 2009, 2014, 2009, 2014, 2009, 2014, 2009, 2014, 2009, 2014, 2009, 2014, 2009, 2014, 2009, 2014, 2009, 2014, 2009, 2014, 2009, 2014, 2009, 2014, 2009, 2014, 2009, 2014]"
343,expatrie,32,112,128,0,"[2007, 2008, 2009, 2010, 2011, 2012, 2013, 2014, 2007, 2008, 2009, 2010, 2011, 2012, 2013, 2014, 2007, 2008, 2009, 2010, 2011, 2012, 2013, 2014, 2007, 2008, 2009, 2010, 2011, 2012, 2013, 2014, 2007, 2008, 2009, 2010, 2011, 2012, 2013, 2014, 2007, 2008, 2009, 2010, 2011, 2012, 2013, 2014, 2007, 2008, 2009, 2010, 2011, 2012, 2013, 2014, 2007, 2008, 2009, 2010, 2011, 2012, 2013, 2014, 2007, 2008, 2009, 2010, 2011, 2012, 2013, 2014, 2007, 2008, 2009, 2010, 2011, 2012, 2013, 2014, 2007, 2008, 2009, 2010, 2011, 2012, 2013, 2014, 2007, 2008, 2009, 2010, 2011, 2012, 2013, 2014, 2007, 2008, 2009, 2010, 2011, 2012, 2013, 2014, 2007, 2008, 2009, 2010, 2011, 2012, 2013, 2014, 2007, 2008, 2009, 2010, 2011, 2012, 2013, 2014, 2007, 2008, 2009, 2010, 2011, 2012, 2013, 2014]","[2007, 2008, 2009, 2010, 2011, 2013, 2014, 2007, 2008, 2009, 2010, 2011, 2013, 2014, 2007, 2008, 2009, 2010, 2011, 2013, 2014, 2007, 2008, 2009, 2010, 2011, 2013, 2014, 2007, 2008, 2009, 2010, 2011, 2013, 2014, 2007, 2008, 2009, 2010, 2011, 2013, 2014, 2007, 2008, 2009, 2010, 2011, 2013, 2014, 2007, 2008, 2009, 2010, 2011, 2013, 2014, 2007, 2008, 2009, 2010, 2011, 2013, 2014, 2007, 2008, 2009, 2010, 2011, 2013, 2014, 2007, 2008, 2009, 2010, 2011, 2013, 2014, 2007, 2008, 2009, 2010, 2011, 2013, 2014, 2007, 2008, 2009, 2010, 2011, 2013, 2014, 2007, 2008, 2009, 2010, 2011, 2013, 2014, 2007, 2008, 2009, 2010, 2011, 2013, 2014, 2007, 2008, 2009, 2010, 2011, 2013, 2014]","[2009, 2014, 2009, 2014, 2009, 2014, 2009, 2014, 2009, 2014, 2009, 2014, 2009, 2014, 2009, 2014, 2009, 2014, 2009, 2014, 2009, 2014, 2009, 2014, 2009, 2014, 2009, 2014, 2009, 2014, 2009, 2014]"
344,expatrie,32,112,128,0,"[2007, 2008, 2009, 2010, 2011, 2012, 2013, 2014, 2007, 2008, 2009, 2010, 2011, 2012, 2013, 2014, 2007, 2008, 2009, 2010, 2011, 2012, 2013, 2014, 2007, 2008, 2009, 2010, 2011, 2012, 2013, 2014, 2007, 2008, 2009, 2010, 2011, 2012, 2013, 2014, 2007, 2008, 2009, 2010, 2011, 2012, 2013, 2014, 2007, 2008, 2009, 2010, 2011, 2012, 2013, 2014, 2007, 2008, 2009, 2010, 2011, 2012, 2013, 2014, 2007, 2008, 2009, 2010, 2011, 2012, 2013, 2014, 2007, 2008, 2009, 2010, 2011, 2012, 2013, 2014, 2007, 2008, 2009, 2010, 2011, 2012, 2013, 2014, 2007, 2008, 2009, 2010, 2011, 2012, 2013, 2014, 2007, 2008, 2009, 2010, 2011, 2012, 2013, 2014, 2007, 2008, 2009, 2010, 2011, 2012, 2013, 2014, 2007, 2008, 2009, 2010, 2011, 2012, 2013, 2014, 2007, 2008, 2009, 2010, 2011, 2012, 2013, 2014]","[2007, 2008, 2009, 2010, 2011, 2013, 2014, 2007, 2008, 2009, 2010, 2011, 2013, 2014, 2007, 2008, 2009, 2010, 2011, 2013, 2014, 2007, 2008, 2009, 2010, 2011, 2013, 2014, 2007, 2008, 2009, 2010, 2011, 2013, 2014, 2007, 2008, 2009, 2010, 2011, 2013, 2014, 2007, 2008, 2009, 2010, 2011, 2013, 2014, 2007, 2008, 2009, 2010, 2011, 2013, 2014, 2007, 2008, 2009, 2010, 2011, 2013, 2014, 2007, 2008, 2009, 2010, 2011, 2013, 2014, 2007, 2008, 2009, 2010, 2011, 2013, 2014, 2007, 2008, 2009, 2010, 2011, 2013, 2014, 2007, 2008, 2009, 2010, 2011, 2013, 2014, 2007, 2008, 2009, 2010, 2011, 2013, 2014, 2007, 2008, 2009, 2010, 2011, 2013, 2014, 2007, 2008, 2009, 2010, 2011, 2013, 2014]","[2009, 2014, 2009, 2014, 2009, 2014, 2009, 2014, 2009, 2014, 2009, 2014, 2009, 2014, 2009, 2014, 2009, 2014, 2009, 2014, 2009, 2014, 2009, 2014, 2009, 2014, 2009, 2014, 2009, 2014, 2009, 2014]"
345,expatrie,32,112,128,0,"[2007, 2008, 2009, 2010, 2011, 2012, 2013, 2014, 2007, 2008, 2009, 2010, 2011, 2012, 2013, 2014, 2007, 2008, 2009, 2010, 2011, 2012, 2013, 2014, 2007, 2008, 2009, 2010, 2011, 2012, 2013, 2014, 2007, 2008, 2009, 2010, 2011, 2012, 2013, 2014, 2007, 2008, 2009, 2010, 2011, 2012, 2013, 2014, 2007, 2008, 2009, 2010, 2011, 2012, 2013, 2014, 2007, 2008, 2009, 2010, 2011, 2012, 2013, 2014, 2007, 2008, 2009, 2010, 2011, 2012, 2013, 2014, 2007, 2008, 2009, 2010, 2011, 2012, 2013, 2014, 2007, 2008, 2009, 2010, 2011, 2012, 2013, 2014, 2007, 2008, 2009, 2010, 2011, 2012, 2013, 2014, 2007, 2008, 2009, 2010, 2011, 2012, 2013, 2014, 2007, 2008, 2009, 2010, 2011, 2012, 2013, 2014, 2007, 2008, 2009, 2010, 2011, 2012, 2013, 2014, 2007, 2008, 2009, 2010, 2011, 2012, 2013, 2014]","[2007, 2008, 2009, 2010, 2011, 2013, 2014, 2007, 2008, 2009, 2010, 2011, 2013, 2014, 2007, 2008, 2009, 2010, 2011, 2013, 2014, 2007, 2008, 2009, 2010, 2011, 2013, 2014, 2007, 2008, 2009, 2010, 2011, 2013, 2014, 2007, 2008, 2009, 2010, 2011, 2013, 2014, 2007, 2008, 2009, 2010, 2011, 2013, 2014, 2007, 2008, 2009, 2010, 2011, 2013, 2014, 2007, 2008, 2009, 2010, 2011, 2013, 2014, 2007, 2008, 2009, 2010, 2011, 2013, 2014, 2007, 2008, 2009, 2010, 2011, 2013, 2014, 2007, 2008, 2009, 2010, 2011, 2013, 2014, 2007, 2008, 2009, 2010, 2011, 2013, 2014, 2007, 2008, 2009, 2010, 2011, 2013, 2014, 2007, 2008, 2009, 2010, 2011, 2013, 2014, 2007, 2008, 2009, 2010, 2011, 2013, 2014]","[2009, 2014, 2009, 2014, 2009, 2014, 2009, 2014, 2009, 2014, 2009, 2014, 2009, 2014, 2009, 2014, 2009, 2014, 2009, 2014, 2009, 2014, 2009, 2014, 2009, 2014, 2009, 2014, 2009, 2014, 2009, 2014]"
346,expatrie,32,112,128,0,"[2007, 2008, 2009, 2010, 2011, 2012, 2013, 2014, 2007, 2008, 2009, 2010, 2011, 2012, 2013, 2014, 2007, 2008, 2009, 2010, 2011, 2012, 2013, 2014, 2007, 2008, 2009, 2010, 2011, 2012, 2013, 2014, 2007, 2008, 2009, 2010, 2011, 2012, 2013, 2014, 2007, 2008, 2009, 2010, 2011, 2012, 2013, 2014, 2007, 2008, 2009, 2010, 2011, 2012, 2013, 2014, 2007, 2008, 2009, 2010, 2011, 2012, 2013, 2014, 2007, 2008, 2009, 2010, 2011, 2012, 2013, 2014, 2007, 2008, 2009, 2010, 2011, 2012, 2013, 2014, 2007, 2008, 2009, 2010, 2011, 2012, 2013, 2014, 2007, 2008, 2009, 2010, 2011, 2012, 2013, 2014, 2007, 2008, 2009, 2010, 2011, 2012, 2013, 2014, 2007, 2008, 2009, 2010, 2011, 2012, 2013, 2014, 2007, 2008, 2009, 2010, 2011, 2012, 2013, 2014, 2007, 2008, 2009, 2010, 2011, 2012, 2013, 2014]","[2007, 2008, 2009, 2010, 2011, 2013, 2014, 2007, 2008, 2009, 2010, 2011, 2013, 2014, 2007, 2008, 2009, 2010, 2011, 2013, 2014, 2007, 2008, 2009, 2010, 2011, 2013, 2014, 2007, 2008, 2009, 2010, 2011, 2013, 2014, 2007, 2008, 2009, 2010, 2011, 2013, 2014, 2007, 2008, 2009, 2010, 2011, 2013, 2014, 2007, 2008, 2009, 2010, 2011, 2013, 2014, 2007, 2008, 2009, 2010, 2011, 2013, 2014, 2007, 2008, 2009, 2010, 2011, 2013, 2014, 2007, 2008, 2009, 2010, 2011, 2013, 2014, 2007, 2008, 2009, 2010, 2011, 2013, 2014, 2007, 2008, 2009, 2010, 2011, 2013, 2014, 2007, 2008, 2009, 2010, 2011, 2013, 2014, 2007, 2008, 2009, 2010, 2011, 2013, 2014, 2007, 2008, 2009, 2010, 2011, 2013, 2014]","[2009, 2014, 2009, 2014, 2009, 2014, 2009, 2014, 2009, 2014, 2009, 2014, 2009, 2014, 2009, 2014, 2009, 2014, 2009, 2014, 2009, 2014, 2009, 2014, 2009, 2014, 2009, 2014, 2009, 2014, 2009, 2014]"
347,expatrie,32,112,128,0,"[2007, 2008, 2009, 2010, 2011, 2012, 2013, 2014, 2007, 2008, 2009, 2010, 2011, 2012, 2013, 2014, 2007, 2008, 2009, 2010, 2011, 2012, 2013, 2014, 2007, 2008, 2009, 2010, 2011, 2012, 2013, 2014, 2007, 2008, 2009, 2010, 2011, 2012, 2013, 2014, 2007, 2008, 2009, 2010, 2011, 2012, 2013, 2014, 2007, 2008, 2009, 2010, 2011, 2012, 2013, 2014, 2007, 2008, 2009, 2010, 2011, 2012, 2013, 2014, 2007, 2008, 2009, 2010, 2011, 2012, 2013, 2014, 2007, 2008, 2009, 2010, 2011, 2012, 2013, 2014, 2007, 2008, 2009, 2010, 2011, 2012, 2013, 2014, 2007, 2008, 2009, 2010, 2011, 2012, 2013, 2014, 2007, 2008, 2009, 2010, 2011, 2012, 2013, 2014, 2007, 2008, 2009, 2010, 2011, 2012, 2013, 2014, 2007, 2008, 2009, 2010, 2011, 2012, 2013, 2014, 2007, 2008, 2009, 2010, 2011, 2012, 2013, 2014]","[2007, 2008, 2009, 2010, 2011, 2013, 2014, 2007, 2008, 2009, 2010, 2011, 2013, 2014, 2007, 2008, 2009, 2010, 2011, 2013, 2014, 2007, 2008, 2009, 2010, 2011, 2013, 2014, 2007, 2008, 2009, 2010, 2011, 2013, 2014, 2007, 2008, 2009, 2010, 2011, 2013, 2014, 2007, 2008, 2009, 2010, 2011, 2013, 2014, 2007, 2008, 2009, 2010, 2011, 2013, 2014, 2007, 2008, 2009, 2010, 2011, 2013, 2014, 2007, 2008, 2009, 2010, 2011, 2013, 2014, 2007, 2008, 2009, 2010, 2011, 2013, 2014, 2007, 2008, 2009, 2010, 2011, 2013, 2014, 2007, 2008, 2009, 2010, 2011, 2013, 2014, 2007, 2008, 2009, 2010, 2011, 2013, 2014, 2007, 2008, 2009, 2010, 2011, 2013, 2014, 2007, 2008, 2009, 2010, 2011, 2013, 2014]","[2009, 2014, 2009, 2014, 2009, 2014, 2009, 2014, 2009, 2014, 2009, 2014, 2009, 2014, 2009, 2014, 2009, 2014, 2009, 2014, 2009, 2014, 2009, 2014, 2009, 2014, 2009, 2014, 2009, 2014, 2009, 2014]"
348,expatrie,32,112,128,0,"[2007, 2008, 2009, 2010, 2011, 2012, 2013, 2014, 2007, 2008, 2009, 2010, 2011, 2012, 2013, 2014, 2007, 2008, 2009, 2010, 2011, 2012, 2013, 2014, 2007, 2008, 2009, 2010, 2011, 2012, 2013, 2014, 2007, 2008, 2009, 2010, 2011, 2012, 2013, 2014, 2007, 2008, 2009, 2010, 2011, 2012, 2013, 2014, 2007, 2008, 2009, 2010, 2011, 2012, 2013, 2014, 2007, 2008, 2009, 2010, 2011, 2012, 2013, 2014, 2007, 2008, 2009, 2010, 2011, 2012, 2013, 2014, 2007, 2008, 2009, 2010, 2011, 2012, 2013, 2014, 2007, 2008, 2009, 2010, 2011, 2012, 2013, 2014, 2007, 2008, 2009, 2010, 2011, 2012, 2013, 2014, 2007, 2008, 2009, 2010, 2011, 2012, 2013, 2014, 2007, 2008, 2009, 2010, 2011, 2012, 2013, 2014, 2007, 2008, 2009, 2010, 2011, 2012, 2013, 2014, 2007, 2008, 2009, 2010, 2011, 2012, 2013, 2014]","[2007, 2008, 2009, 2010, 2011, 2013, 2014, 2007, 2008, 2009, 2010, 2011, 2013, 2014, 2007, 2008, 2009, 2010, 2011, 2013, 2014, 2007, 2008, 2009, 2010, 2011, 2013, 2014, 2007, 2008, 2009, 2010, 2011, 2013, 2014, 2007, 2008, 2009, 2010, 2011, 2013, 2014, 2007, 2008, 2009, 2010, 2011, 2013, 2014, 2007, 2008, 2009, 2010, 2011, 2013, 2014, 2007, 2008, 2009, 2010, 2011, 2013, 2014, 2007, 2008, 2009, 2010, 2011, 2013, 2014, 2007, 2008, 2009, 2010, 2011, 2013, 2014, 2007, 2008, 2009, 2010, 2011, 2013, 2014, 2007, 2008, 2009, 2010, 2011, 2013, 2014, 2007, 2008, 2009, 2010, 2011, 2013, 2014, 2007, 2008, 2009, 2010, 2011, 2013, 2014, 2007, 2008, 2009, 2010, 2011, 2013, 2014]","[2009, 2014, 2009, 2014, 2009, 2014, 2009, 2014, 2009, 2014, 2009, 2014, 2009, 2014, 2009, 2014, 2009, 2014, 2009, 2014, 2009, 2014, 2009, 2014, 2009, 2014, 2009, 2014, 2009, 2014, 2009, 2014]"
349,dead_end_moon_angel,4,6,7,0,"[2007, 2008, 2009, 2011, 2012, 2013, 2014]","[2008, 2009, 2011, 2012, 2013, 2014]","[2008, 2009, 2012, 2014]"
350,callalily05,6,5,6,1,"[2009, 2010, 2011, 2012, 2013, 2014]","[2009, 2010, 2011, 2013, 2014]","[2009, 2010, 2011, 2012, 2013, 2014]"
351,ABitofAnAlliterate,0,1,1,0,[2014],[2014],[]
352,Aiea,2,3,3,1,"[2007, 2012, 2014]","[2007, 2012, 2014]","[2007, 2012]"
353,Angel Gail Rose,0,1,2,0,"[2013, 2014]",[2014],[]
354,Aubrette,0,1,4,1,"[2011, 2012, 2013, 2014]",[2013],[]
355,Blackie_DuQuesne,1,1,1,0,[2014],[2014],[2014]
356,bouncycheese,0,1,3,0,"[2012, 2013, 2014]",[2013],[]
357,CasaubonHermeticum,0,3,6,0,"[2009, 2010, 2011, 2012, 2013, 2014]","[2010, 2011, 2012]",[]
358,chiheatherlove,3,0,4,1,"[2011, 2012, 2013, 2014]",[],"[2011, 2012, 2013]"
359,Constance Snythl,0,3,4,1,"[2011, 2012, 2013, 2014]","[2011, 2012, 2014]",[]
360,CrimsonBlood,0,6,6,1,"[2007, 2008, 2009, 2010, 2011, 2012]","[2007, 2008, 2009, 2010, 2011, 2012]",[]
361,crusanton,0,0,0,0,[],[],[]
362,cwood779,1,0,2,0,"[2012, 2013]",[],[2013]
363,danfinnen,0,1,1,1,[2014],[2014],[]
364,dark_phoenix,3,8,8,0,"[2007, 2008, 2009, 2010, 2011, 2012, 2013, 2014]","[2007, 2008, 2009, 2010, 2011, 2012, 2013, 2014]","[2007, 2008, 2009]"
365,displacedbeatnik,2,6,11,1,"[2003, 2004, 2005, 2006, 2007, 2008, 2009, 2010, 2012, 2013, 2014]","[2004, 2005, 2006, 2007, 2008, 2013]","[2010, 2013]"
366,eauderose,0,2,3,0,"[2012, 2013, 2014]","[2012, 2014]",[]
367,Ellis422112,0,1,1,0,[2013],[2013],[]
368,fletchbohne,0,0,1,0,[2014],[],[]
369,iamthemoonstar,0,0,0,0,[],[],[]
370,I_Think_Im_2D,0,1,3,0,"[2011, 2012, 2013]",[2012],[]
371,jedishan,0,1,4,0,"[2011, 2012, 2013, 2014]",[2011],[]
372,JenBoylen,0,0,0,0,[],[],[]
373,Joe_Stallone,0,0,0,0,[],[],[]
374,jim.markus,2,3,4,1,"[2011, 2012, 2013, 2014]","[2012, 2013, 2014]","[2013, 2014]"
375,JLynneMoore,0,0,2,0,"[2013, 2014]",[],[]
376,johnveritas,1,3,4,1,"[2011, 2012, 2013, 2014]","[2012, 2013, 2014]",[2014]
377,JuliannaUnderhill,0,0,0,1,[],[],[]
378,K.D. Atkins,0,0,1,0,[2013],[],[]
379,KellyDuff,1,2,2,1,"[2012, 2013]","[2012, 2013]",[2012]
380,lassarina,7,7,7,0,"[2006, 2008, 2009, 2010, 2011, 2012, 2013]","[2006, 2008, 2009, 2010, 2011, 2012, 2013]","[2006, 2008, 2009, 2010, 2011, 2012, 2013]"
381,ladychris,0,0,3,0,"[2012, 2013, 2014]",[],[]
382,LaVieDansante,2,6,6,1,"[2009, 2010, 2011, 2012, 2013, 2014]","[2009, 2010, 2011, 2012, 2013, 2014]","[2013, 2014]"
383,M.H. Afa,0,2,2,0,"[2013, 2014]","[2013, 2014]",[]
384,madambition,3,4,4,0,"[2011, 2012, 2013, 2014]","[2011, 2012, 2013, 2014]","[2011, 2013, 2014]"
385,MrCrow9000,0,0,0,1,[],[],[]
386,Montesol,0,0,3,0,"[2012, 2013, 2014]",[],[]
387,msmolarek,1,4,4,0,"[2011, 2012, 2013, 2014]","[2011, 2012, 2013, 2014]",[2011]
388,DanzAmazon,1,1,4,0,"[2011, 2012, 2013, 2014]",[2012],[2012]
389,zricks,4,3,6,1,"[2009, 2010, 2011, 2012, 2013, 2014]","[2011, 2012, 2013]","[2009, 2010, 2013, 2014]"
390,zendra,4,4,4,1,"[2009, 2011, 2013, 2014]","[2009, 2011, 2013, 2014]","[2009, 2011, 2013, 2014]"
391,zegota,4,2,4,1,"[2011, 2012, 2013, 2014]","[2013, 2014]","[2011, 2012, 2013, 2014]"
392,xmenbari,0,3,4,0,"[2011, 2012, 2013, 2014]","[2012, 2013, 2014]",[]
393,WildwoodGoddess,0,0,1,0,[2014],[],[]
394,wellwords,1,1,4,0,"[2011, 2012, 2013, 2014]",[2011],[2014]
395,TxLeggz,2,2,6,1,"[2009, 2010, 2011, 2012, 2013, 2014]","[2009, 2011]","[2011, 2014]"
396,Triais31,2,6,6,0,"[2009, 2010, 2011, 2012, 2013, 2014]","[2009, 2010, 2011, 2012, 2013, 2014]","[2012, 2014]"
397,theriversflow,0,3,3,0,"[2012, 2013, 2014]","[2012, 2013, 2014]",[]
398,The Rain Maniac,0,1,1,0,[2014],[2014],[]
399,TBuchle,0,2,2,1,"[2013, 2014]","[2013, 2014]",[]
400,tashawiginton,0,0,0,0,[],[],[]
401,TarotbyArwen,1,1,1,1,[2014],[2014],[2014]
402,Sunshine.civalization,0,0,4,0,"[2011, 2012, 2013, 2014]",[],[]
403,SpeedingCadence,0,0,2,0,"[2012, 2013]",[],[]
404,spanksthellama,1,1,2,1,"[2013, 2014]",[2014],[2014]
405,Soluna,3,7,8,1,"[2006, 2007, 2008, 2009, 2010, 2011, 2012, 2014]","[2006, 2007, 2008, 2010, 2011, 2012, 2014]","[2006, 2007, 2008]"
406,SkepticalDreamer,0,3,3,0,"[2012, 2013, 2014]","[2012, 2013, 2014]",[]
407,Skalidra,0,3,3,1,"[2012, 2013, 2014]","[2012, 2013, 2014]",[]
408,Sionna Dehr,0,0,1,0,[2014],[],[]
409,siobhangra,0,0,2,0,"[2012, 2014]",[],[]
410,ShadowsEdge,5,3,7,1,"[2006, 2007, 2008, 2009, 2011, 2013, 2014]","[2006, 2013, 2014]","[2006, 2009, 2011, 2013, 2014]"
411,Sarasamsara,0,0,1,1,[2012],[],[]
412,scaserta11,0,0,0,0,[],[],[]
413,ReiKnight,2,10,10,0,"[2005, 2006, 2007, 2008, 2009, 2010, 2011, 2012, 2013, 2014]","[2005, 2006, 2007, 2008, 2009, 2010, 2011, 2012, 2013, 2014]","[2008, 2013]"
414,QueenBee1008,0,0,0,0,[],[],[]
415,Oonaverse,0,2,2,0,"[2013, 2014]","[2013, 2014]",[]
416,paperflye,0,1,4,0,"[2011, 2012, 2013, 2014]",[2012],[]
417,OhNoDomo,0,1,2,1,"[2013, 2014]",[2013],[]
418,Nyrissa,0,2,2,0,"[2013, 2014]","[2013, 2014]",[]
419,movieye,1,0,2,1,"[2013, 2014]",[],[2013]
420,mortillos,4,5,5,0,"[2010, 2011, 2012, 2013, 2014]","[2010, 2011, 2012, 2013, 2014]","[2011, 2012, 2013, 2014]"
421,Montythibidoux,0,0,2,0,"[2013, 2014]",[],[]
422,mollib,7,7,7,1,"[2007, 2008, 2010, 2011, 2012, 2013, 2014]","[2007, 2008, 2010, 2011, 2012, 2013, 2014]","[2007, 2008, 2010, 2011, 2012, 2013, 2014]"
423,lleikeratx,0,0,0,0,[],[],[]
424,letsdothisthing2014,1,0,1,1,[2014],[],[2014]
425,Leirua,0,3,3,1,"[2012, 2013, 2014]","[2012, 2013, 2014]",[]
426,kiwiette,0,2,2,1,"[2013, 2014]","[2013, 2014]",[]
427,Kittycat2007,0,0,2,0,"[2013, 2014]",[],[]
428,Kitty Van Halen,0,0,0,0,[],[],[]
429,kellyspace1208,0,1,1,0,[2014],[2014],[]
430,karalianne,5,5,13,0,"[2002, 2003, 2004, 2005, 2006, 2007, 2008, 2009, 2010, 2011, 2012, 2013, 2014]","[2006, 2008, 2009, 2012, 2013]","[2007, 2009, 2010, 2011, 2012]"
431,K. Hinton,1,2,4,0,"[2011, 2012, 2013, 2014]","[2012, 2014]",[2014]
432,Jontheone,0,0,0,0,[],[],[]
433,Jennifer Duckie Brewer,0,1,1,0,[2013],[2013],[]
434,jadana,1,2,2,1,"[2013, 2014]","[2013, 2014]",[2013]
435,Janice D-P,0,0,0,0,[],[],[]
436,Jackbuck,0,0,0,0,[],[],[]
437,icefallstears,0,0,4,0,"[2006, 2012, 2013, 2014]",[],[]
438,hillsc,1,2,6,0,"[2009, 2010, 2011, 2012, 2013, 2014]","[2009, 2014]",[2014]
439,helenathemuse,8,4,10,0,"[2005, 2006, 2007, 2008, 2009, 2010, 2011, 2012, 2013, 2014]","[2005, 2007, 2008, 2013]","[2006, 2007, 2008, 2010, 2011, 2012, 2013, 2014]"
440,Handsome Jim,1,5,5,0,"[2010, 2011, 2012, 2013, 2014]","[2010, 2011, 2012, 2013, 2014]",[2013]
441,gpanza,5,5,5,1,"[2010, 2011, 2012, 2013, 2014]","[2010, 2011, 2012, 2013, 2014]","[2010, 2011, 2012, 2013, 2014]"
442,Gozonji,0,0,1,0,[2012],[],[]
443,gale.albright,2,3,5,0,"[2010, 2011, 2012, 2013, 2014]","[2010, 2012, 2013]","[2012, 2013]"
444,flickguy,8,10,10,0,"[2004, 2005, 2006, 2007, 2009, 2010, 2011, 2012, 2013, 2014]","[2004, 2005, 2006, 2007, 2009, 2010, 2011, 2012, 2013, 2014]","[2006, 2007, 2009, 2010, 2011, 2012, 2013, 2014]"
445,Farrah_Rochon,2,0,4,1,"[2011, 2012, 2013, 2014]",[],"[2013, 2014]"
446,Evinschmevin,0,0,2,0,"[2011, 2013]",[],[]
447,EvalinaPhoenix,1,6,8,1,"[2007, 2008, 2009, 2010, 2011, 2012, 2013, 2014]","[2007, 2008, 2011, 2012, 2013, 2014]",[2014]
448,embersshadow,0,1,2,0,"[2013, 2014]",[2013],[]
449,solayan,5,6,6,1,"[2009, 2010, 2011, 2012, 2013, 2014]","[2009, 2010, 2011, 2012, 2013, 2014]","[2009, 2011, 2012, 2013, 2014]"
450,wulfae,2,2,2,1,"[2012, 2013]","[2012, 2013]","[2012, 2013]"
451,WrittenLiving,1,3,5,1,"[2010, 2011, 2012, 2013, 2014]","[2011, 2012, 2013]",[2013]
452,TrudyG,7,5,7,1,"[2008, 2009, 2010, 2011, 2012, 2013, 2014]","[2008, 2009, 2010, 2013, 2014]","[2008, 2009, 2010, 2011, 2012, 2013, 2014]"
453,Rinjii,0,2,7,0,"[2008, 2009, 2010, 2011, 2012, 2013, 2014]","[2011, 2012]",[]
454,persekore,3,4,5,1,"[2007, 2011, 2012, 2013, 2014]","[2011, 2012, 2013, 2014]","[2012, 2013, 2014]"
455,perfectimperfection,3,3,3,1,"[2012, 2013, 2014]","[2012, 2013, 2014]","[2012, 2013, 2014]"
456,mr_caterpillar,6,7,7,1,"[2008, 2009, 2010, 2011, 2012, 2013, 2014]","[2008, 2009, 2010, 2011, 2012, 2013, 2014]","[2009, 2010, 2011, 2012, 2013, 2014]"
457,Lop,0,0,3,0,"[2012, 2013, 2014]",[],[]
458,LadyofPangaea,1,0,3,0,"[2012, 2013, 2014]",[],[2014]
459,kaluvinar,3,1,4,1,"[2009, 2011, 2013, 2014]",[2011],"[2011, 2013, 2014]"
460,Hemp Fandango,0,2,2,0,"[2013, 2014]","[2013, 2014]",[]
461,Coralie,0,7,8,0,"[2007, 2008, 2009, 2010, 2011, 2012, 2013, 2014]","[2008, 2009, 2010, 2011, 2012, 2013, 2014]",[]
462,cleverboot,0,0,4,0,"[2010, 2011, 2012, 2013]",[],[]
463,Brandon Sanderson,0,0,2,1,"[2005, 2007]",[],[]
464,artistflop,2,2,4,0,"[2011, 2012, 2013, 2014]","[2011, 2013]","[2012, 2013]"
465,Applepine,0,5,5,0,"[2010, 2011, 2012, 2013, 2014]","[2010, 2011, 2012, 2013, 2014]",[]
466,mrshreffler,1,3,4,0,"[2011, 2012, 2013, 2014]","[2011, 2012, 2013]",[2012]
467,young108west,1,3,4,0,"[2011, 2012, 2013, 2014]","[2011, 2012, 2013]",[2013]
468,FelineTheCatHerder,2,2,2,1,"[2012, 2013]","[2012, 2013]","[2012, 2013]"
469,E M Caines,1,1,1,1,[2012],[2012],[2012]
470,caflesch,0,0,3,0,"[2012, 2013, 2014]",[],[]
471,Foreign_Nebula,1,3,3,1,"[2012, 2013, 2014]","[2012, 2013, 2014]",[2014]
472,WishfollThinking,0,0,0,0,[],[],[]
473,Tiriniel,1,2,3,1,"[2011, 2013, 2014]","[2013, 2014]",[2014]
474,theladyafterwards,0,0,2,0,"[2011, 2012]",[],[]
475,Shadow of Malice,1,0,2,1,"[2013, 2014]",[],[2014]
476,Rovine,1,1,1,0,[2014],[2014],[2014]
477,MarchMagnolia,0,0,2,0,"[2013, 2014]",[],[]
478,Lauren E. Mitchell,8,10,12,1,"[2003, 2004, 2005, 2006, 2007, 2008, 2009, 2010, 2011, 2012, 2013, 2014]","[2004, 2005, 2006, 2007, 2008, 2009, 2010, 2011, 2012, 2013]","[2007, 2008, 2009, 2010, 2011, 2012, 2013, 2014]"
479,Lauralu91,0,1,1,0,[2014],[2014],[]
480,jdniemand,0,3,3,0,"[2012, 2013, 2014]","[2012, 2013, 2014]",[]
481,HyperCaz,1,1,1,1,[2013],[2013],[2013]
482,Hexigon,0,4,4,0,"[2011, 2012, 2013, 2014]","[2011, 2012, 2013, 2014]",[]
483,gwentheg,0,0,0,0,[],[],[]
484,DrachenkralleFantasy,2,3,3,1,"[2012, 2013, 2014]","[2012, 2013, 2014]","[2013, 2014]"
485,QueenOfTheUniverse,2,11,11,1,"[2004, 2005, 2006, 2007, 2008, 2009, 2010, 2011, 2012, 2013, 2014]","[2004, 2005, 2006, 2007, 2008, 2009, 2010, 2011, 2012, 2013, 2014]","[2007, 2008]"
486,Vashtan,1,1,2,0,"[2007, 2014]",[2007],[2014]
487,tkphotog,8,11,11,1,"[2004, 2005, 2006, 2007, 2008, 2009, 2010, 2011, 2012, 2013, 2014]","[2004, 2005, 2006, 2007, 2008, 2009, 2010, 2011, 2012, 2013, 2014]","[2006, 2007, 2008, 2010, 2011, 2012, 2013, 2014]"
488,SocioTom,7,6,8,1,"[2007, 2008, 2009, 2010, 2011, 2012, 2013, 2014]","[2007, 2008, 2009, 2010, 2011, 2012]","[2007, 2008, 2009, 2010, 2012, 2013, 2014]"
489,Kaje Harper,0,2,4,0,"[2011, 2012, 2013, 2014]","[2011, 2012]",[]
490,EmpressRiz,0,0,4,1,"[2011, 2012, 2013, 2014]",[],[]
491,DevB,3,6,7,1,"[2008, 2009, 2010, 2011, 2012, 2013, 2014]","[2008, 2009, 2010, 2011, 2012, 2014]","[2011, 2012, 2014]"
492,corgilord,0,0,0,0,[],[],[]
493,Cayendi,7,8,10,1,"[2005, 2006, 2007, 2008, 2009, 2010, 2011, 2012, 2013, 2014]","[2007, 2008, 2009, 2010, 2011, 2012, 2013, 2014]","[2008, 2009, 2010, 2011, 2012, 2013, 2014]"
494,Becky Black,2,9,9,1,"[2006, 2007, 2008, 2009, 2010, 2011, 2012, 2013, 2014]","[2006, 2007, 2008, 2009, 2010, 2011, 2012, 2013, 2014]","[2012, 2014]"
495,bandanna,0,0,0,0,[],[],[]
496,AnneTenino,0,2,2,0,"[2010, 2013]","[2010, 2013]",[]
497,aliciagregoire,2,6,6,1,"[2009, 2010, 2011, 2012, 2013, 2014]","[2009, 2010, 2011, 2012, 2013, 2014]","[2010, 2013]"
498,TheRogueParadox,1,3,7,1,"[2008, 2009, 2010, 2011, 2012, 2013, 2014]","[2008, 2012, 2014]",[2014]
499,yukondawn,1,2,2,0,"[2011, 2012]","[2011, 2012]",[2012]
500,Wolf Wild (Kaden),0,0,2,0,"[2013, 2014]",[],[]
501,Sparkling,0,4,4,0,"[2011, 2012, 2013, 2014]","[2011, 2012, 2013, 2014]",[]
502,sjobeamer,2,1,2,1,"[2013, 2014]",[2014],"[2013, 2014]"
503,reincarnated_alphonse,0,5,9,0,"[2005, 2007, 2008, 2009, 2010, 2011, 2012, 2013, 2014]","[2007, 2008, 2011, 2012, 2014]",[]
504,phoenix.writing,8,8,8,1,"[2007, 2008, 2009, 2010, 2011, 2012, 2013, 2014]","[2007, 2008, 2009, 2010, 2011, 2012, 2013, 2014]","[2007, 2008, 2009, 2010, 2011, 2012, 2013, 2014]"
505,Nickola,0,2,2,0,"[2013, 2014]","[2013, 2014]",[]
506,Nianne,3,4,4,1,"[2011, 2012, 2013, 2014]","[2011, 2012, 2013, 2014]","[2011, 2013, 2014]"
507,MelissaMelody,0,3,3,1,"[2011, 2012, 2013]","[2011, 2012, 2013]",[]
508,Max Bliss,3,2,3,1,"[2012, 2013, 2014]","[2012, 2014]","[2012, 2013, 2014]"
509,Lynoir,5,2,7,1,"[2008, 2009, 2010, 2011, 2012, 2013, 2014]","[2010, 2013]","[2010, 2011, 2012, 2013, 2014]"
510,lachattefatale,4,4,6,1,"[2009, 2010, 2011, 2012, 2013, 2014]","[2010, 2012, 2013, 2014]","[2011, 2012, 2013, 2014]"
511,Kiryuu-Chan,0,9,9,1,"[2006, 2007, 2008, 2009, 2010, 2011, 2012, 2013, 2014]","[2006, 2007, 2008, 2009, 2010, 2011, 2012, 2013, 2014]",[]
512,KehmberRaine,0,1,1,0,[2014],[2014],[]
513,karygurl,6,5,6,1,"[2009, 2010, 2011, 2012, 2013, 2014]","[2009, 2010, 2011, 2013, 2014]","[2009, 2010, 2011, 2012, 2013, 2014]"
514,jedimarri,0,4,4,0,"[2011, 2012, 2013, 2014]","[2011, 2012, 2013, 2014]",[]
515,Dunx,9,11,11,1,"[2004, 2005, 2006, 2007, 2008, 2009, 2010, 2011, 2012, 2013, 2014]","[2004, 2005, 2006, 2007, 2008, 2009, 2010, 2011, 2012, 2013, 2014]","[2006, 2007, 2008, 2009, 2010, 2011, 2012, 2013, 2014]"
516,destaren,1,9,11,0,"[2004, 2005, 2006, 2007, 2008, 2009, 2010, 2011, 2012, 2013, 2014]","[2005, 2006, 2007, 2008, 2009, 2010, 2012, 2013, 2014]",[2010]
517,Corvus Ptarmigan,0,0,1,0,[2014],[],[]
518,Chocolatequeen,6,8,12,0,"[2003, 2004, 2005, 2006, 2007, 2008, 2009, 2010, 2011, 2012, 2013, 2014]","[2003, 2006, 2008, 2009, 2010, 2011, 2012, 2014]","[2009, 2010, 2011, 2012, 2013, 2014]"
519,caillien,1,6,7,1,"[2008, 2009, 2010, 2011, 2012, 2013, 2014]","[2009, 2010, 2011, 2012, 2013, 2014]",[2012]
520,Amanda Rose,0,0,0,0,[],[],[]
521,aliblade22,6,6,7,1,"[2006, 2007, 2008, 2009, 2012, 2013, 2014]","[2006, 2007, 2008, 2009, 2012, 2013]","[2006, 2007, 2008, 2012, 2013, 2014]"
522,Adam Mayer,2,2,2,1,"[2013, 2014]","[2013, 2014]","[2013, 2014]"
523,artofcheatery,2,6,6,0,"[2009, 2010, 2011, 2012, 2013, 2014]","[2009, 2010, 2011, 2012, 2013, 2014]","[2009, 2010]"
524,zbluesy,0,0,2,0,"[2013, 2014]",[],[]
525,WJ Cintron,0,0,0,0,[],[],[]
526,Twinkle Toes the Berserker,0,2,2,0,"[2013, 2014]","[2013, 2014]",[]
527,Trillian Anderson,0,0,0,0,[],[],[]
528,thePeoplesVictory,0,0,0,0,[],[],[]
529,TFWilde,0,0,0,1,[],[],[]
530,syaffolee,7,14,14,1,"[2001, 2002, 2003, 2004, 2005, 2006, 2007, 2008, 2009, 2010, 2011, 2012, 2013, 2014]","[2001, 2002, 2003, 2004, 2005, 2006, 2007, 2008, 2009, 2010, 2011, 2012, 2013, 2014]","[2007, 2008, 2009, 2011, 2012, 2013, 2014]"
531,SpidEMcD,2,3,4,0,"[2011, 2012, 2013, 2014]","[2011, 2012, 2014]","[2011, 2014]"
532,snakejuice,0,2,3,0,"[2012, 2013, 2014]","[2013, 2014]",[]
533,sleepers,0,0,1,1,[2011],[],[]
534,skybluefusion,4,5,5,1,"[2010, 2011, 2012, 2013, 2014]","[2010, 2011, 2012, 2013, 2014]","[2011, 2012, 2013, 2014]"
535,shelley4peace,0,0,0,1,[],[],[]
536,Shadowsong_cc,1,2,2,1,"[2013, 2014]","[2013, 2014]",[2013]
